AAPL,AAPL,AAPL,AAPL,AAPL
open,high,low,close,volume
106.62,107.44,106.29,106.82,20302223
105.8,106.5,102.98,105.99,20683070
105.66,106.5699,105.64,106.11,21169917
106.14,106.8,105.62,106.73,20447284
107.7,108.0,106.82,107.73,21641523
107.9,108.3,107.51,107.7,19034083
107.83,108.76,107.07,108.37,37721316
107.23,107.27,105.24,105.51,45676003
104.64,105.72,103.14,103.14,38335022
102.65,105.72,102.53,105.44,37817332
107.51,108.79,107.24,108.02,53380948
108.75,113.03,108.6,111.77,101893125
113.86,115.73,113.49,115.57,79345519
115.17,116.13,114.04,114.91,60151225
115.19,116.18,113.25,113.53,41185488
113.05,114.12,112.51,113.57,29835187
113.85,113.989,112.441,113.53,29556298
114.35,114.94,114.0,114.61,26551417
114.42,114.79,111.55,112.7049,47037844
111.64,113.39,111.55,112.87,24375141
113.0,113.18,112.34,113.11,19833234
113.69,114.64,113.43,113.95,25725498
113.16,113.8,111.8,112.18,32052749
112.48,113.37,111.8,113.03,28003656
112.71,113.05,112.28,112.51,17910308
113.06,114.31,112.63,113.02,26518801
113.4,113.66,112.69,113.04,17966455
113.7,114.34,113.13,113.91,24740644
114.31,114.56,113.51,114.03,21078163
115.06,116.75,114.72,116.05,31117606
117.65,118.69,116.2,116.34,54033397
117.35,117.98,116.75,117.35,33616928
116.79,117.44,115.72,116.99,31618670
117.88,118.17,117.13,117.63,29203895
117.33,117.84,116.78,117.55,19816218
118.18,118.21,117.45,117.45,19457641
117.25,117.76,113.8,117.12,17159909
116.86,117.38,116.33,117.01,21097370
116.81,116.91,116.28,116.53,19018844
117.1,117.74,117.0,117.61,19189694
117.96,118.36,117.31,118.26,34284501
114.31,115.7,113.31,115.59,56037814
115.39,115.86,114.1,114.5,22647683
113.86,115.21,113.45,113.72,31334377
113.65,114.23,113.2,113.56,20121122
113.46,113.77,110.53,111.49,36702388
111.4,112.35,111.23,111.6,23002755
110.98,111.46,109.55,109.82,21826879
108.53,110.25,108.11,108.84,25466882
110.1,110.51,109.46,110.41,26598058
110.31,111.72,109.7,111.06,20661519
109.88,111.32,108.05,110.88,48414780
111.08,111.09,105.83,107.79,50396362
107.12,108.87,106.55,108.42,29535607
107.71,107.809,104.08,105.7,44922624
106.57,107.68,106.1593,107.11,27342361
106.7,110.23,105.15,110.01,34086433
109.82,110.35,108.83,109.94,23538548
109.72,110.54,109.66,110.06,21775028
110.12,111.99,110.01,111.73,22945006
111.95,112.42,111.4,111.77,18575454
111.36,111.51,110.33,111.225,20866996
111.13,111.87,110.95,111.78,9630641
111.43,112.465,111.39,111.58,19275066
110.78,112.03,110.07,111.46,24141040
111.61,112.2,110.27,110.52,25114403
110.39,110.94,109.03,109.47,29694946
109.17,110.09,108.85,109.89,20479778
110.0,110.03,108.25,109.1,26882437
109.5,110.36,109.19,109.94,21727265
109.26,111.19,109.16,111.01,24588647
110.86,112.43,110.6,112.11,21747242
112.31,114.7,112.31,113.96,28959916
113.29,115.0,112.49,113.29,21593854
113.84,115.92,113.75,115.19,34528200
115.04,116.2,114.98,115.2,28192042
115.38,116.73,115.23,115.82,25218887
116.47,116.5,115.645,115.9725,28243005
115.8,117.38,115.75,116.63,19901427
116.74,117.5,116.68,116.95,14957431
116.8,117.4,116.78,117.06,15403089
116.35,116.51,115.64,116.29,20570076
115.59,116.52,115.59,116.51,11891714
116.52,117.8,116.49,117.25,15072408
117.52,118.0166,116.2,116.75,17231568
116.45,117.1095,116.4,116.73,12401068
116.65,117.2,115.43,115.84,23250152
115.8,116.33,114.76,116.14,23412285
115.85,116.51,115.75,116.02,16862947
115.92,116.8642,115.81,116.61,19224150
116.78,118.16,116.47,117.91,27286295
117.95,119.43,117.94,119.0,27277644
118.77,119.38,118.3,119.11,19410132
118.74,119.93,118.6,119.73,23055044
118.895,119.3,118.21,119.25,22972978
119.11,119.62,118.81,119.03,20561275
118.34,120.24,118.22,119.99,28121739
120.0,120.5,119.71,119.97,18562058
119.4,120.09,119.37,119.77,18277861
120.45,120.45,119.7346,119.99,22210074
120.0,120.81,119.77,120.09,18036518
119.55,120.1,119.5,119.97,19543692
120.42,122.1,120.28,121.9,27354401
121.67,122.44,121.6,121.94,18565665
122.14,122.35,121.6,121.72,16502185
120.93,121.62,120.66,121.56,25860686
121.15,121.39,120.62,121.3,35728353
127.03,130.49,127.01,128.75,94195072
127.975,129.39,127.78,128.51,27525463
128.31,129.19,128.16,129.07,19369683
129.13,130.5,128.92,130.29,22995070
130.54,132.09,130.45,131.51,31174732
131.35,132.22,131.22,132.04,18045554
131.66,132.445,131.12,132.41,19677132
132.46,132.94,132.06,132.12,15949884
133.08,133.82,132.75,133.29,18417870
133.43,135.09,133.25,135.01,25705409
135.52,136.27,134.62,135.51,28755654
135.67,135.9,134.8398,135.345,18654773
135.1,135.79,135.1,135.71,17075615
136.24,136.75,135.98,136.69,17736822
136.46,137.12,136.11,137.1,14681979
137.38,137.48,136.3,136.53,16962393
135.91,136.65,135.28,136.64,17604312
137.04,137.435,136.28,136.94,15751594
137.08,137.435,136.7,136.99,16460604
137.89,140.15,137.595,139.79,29942341
140.0,140.2786,138.76,138.93,21447349
138.78,139.83,138.59,139.77,15740950
139.365,139.77,138.5959,139.32,15047564
139.06,139.98,138.79,139.49,13954738
138.95,139.8,138.82,139.01,14375609
138.74,138.79,137.05,138.68,17114537
139.25,139.3571,138.64,139.15,15691521
138.85,139.43,138.82,139.19,12632553
139.3,139.65,138.84,138.98,12271676
139.41,140.7501,139.025,140.45,19589428
140.72,141.02,140.26,140.69,15847046
141.0,141.0,139.89,139.91,24755469
140.4,141.5,140.23,141.49,16443665
142.11,142.8,139.73,139.85,33192511
139.845,141.6,139.76,141.43,21608322
141.26,141.5844,140.61,140.92,17016586
141.39,141.74,140.35,140.63,17897125
139.39,141.22,138.62,140.88,18364935
140.91,144.04,140.62,143.81,27907420
143.68,144.49,143.19,144.16,23204631
144.19,144.5,143.5,143.92,16322791
143.72,144.27,143.01,143.67,14770213
143.71,144.12,143.05,143.7,15995121
143.25,144.89,143.17,144.76,16858913
144.22,145.46,143.81,144.02,23132460
144.29,144.52,143.45,143.67,17103902
143.73,144.18,143.27,143.34,13666990
143.6,143.8792,142.9,143.16,14311954
142.94,143.35,140.06,141.62,26300774
141.6,142.15,141.01,141.79,17472473
141.91,142.38,141.05,141.07,14659112
141.18,141.87,140.87,141.83,13269369
141.41,142.04,141.11,141.22,12122154
141.88,142.0,140.45,140.66,13575481
141.22,142.92,141.16,142.44,19117683
142.44,142.68,141.85,142.27,14016468
143.5,143.95,143.18,143.63,13471624
143.97,144.9,143.87,144.53,14715853
144.49,144.6,143.3762,143.66,16356698
143.91,144.16,143.31,143.79,10693032
144.09,144.3,143.27,143.64,14486944
145.1,147.2,144.96,146.56,25669350
147.54,148.09,146.84,147.47,31308344
145.59,147.49,144.27,147.06,38855247
146.55,147.14,145.81,146.54,18926882
146.76,148.98,146.76,148.96,22675122
149.03,153.7,149.03,153.01,42021943
153.87,154.88,153.45,153.98,31021760
153.63,153.94,152.11,153.26,21114207
152.45,154.07,152.31,153.94,18750732
154.7,156.42,154.67,156.1,28076625
156.01,156.65,155.05,155.68,19310853
155.94,156.06,154.72,155.47,15904981
153.6,154.57,149.71,150.2,42477277
151.27,153.34,151.13,152.51,28563533
153.38,153.98,152.63,153.05,22298019
154.0,154.58,152.91,153.96,18481365
154.9,154.9,153.31,153.8,16542846
153.84,154.17,152.67,153.3,16297773
153.73,154.35,153.03,153.91,16178281
153.81,154.24,153.31,153.59,13081679
153.42,154.43,153.33,153.67,14855753
153.97,154.17,152.38,152.77,16337532
153.17,153.33,152.22,153.18,12972062
153.59,155.45,152.89,155.45,22754620
154.34,154.45,153.46,153.93,20349569
153.9,155.81,153.78,154.45,21408385
155.01,155.98,154.48,155.37,17394656
155.25,155.54,154.4,154.92,15637031
155.19,155.19,146.02,148.97,55236738
145.6,146.09,142.51,145.4,61376480
147.16,147.45,145.15,146.59,25681034
147.5,147.5,143.84,145.16,26120738
143.32,144.4798,142.21,144.3,27152933
143.81,144.5,142.2,142.25,32949237
143.66,146.74,143.66,146.34,25567975
146.87,146.87,144.94,145.01,19663633
145.52,146.0693,144.61,145.87,15288655
145.75,146.7,145.1199,145.63,14313608
145.13,147.16,145.11,146.29,16286383
147.17,148.28,145.38,145.8,20971292
145.01,146.16,143.62,143.78,20690321
144.49,146.11,143.1601,145.83,17828374
144.71,145.13,142.28,143.67,26672398
144.45,144.96,143.78,144.03,16506309
144.88,145.3001,143.1,143.5,11093317
143.69,144.79,142.7237,144.09,16251764
143.02,143.5,142.41,142.72,19135204
142.9,144.75,142.9,144.17,14510249
144.11,145.95,143.37,145.09,16416536
144.73,145.85,144.38,145.55,14864556
145.87,146.18,144.82,145.77,19218623
145.5,148.49,145.44,147.78,21387519
147.97,149.33,147.33,149.04,16541594
148.82,150.9,148.57,149.6,18719011
149.2,150.13,148.67,150.08,14498680
150.48,151.42,149.95,151.02,16159904
151.5,151.74,150.19,150.35,13385671
149.99,150.44,148.88,150.3,17696752
150.58,152.44,149.9,152.11,16205032
151.8,153.84,151.8,152.75,15013054
153.35,153.93,153.06,153.5,11524332
153.78,153.99,147.3,150.55,27513361
149.94,150.23,149.19,149.49,13769301
149.9,150.33,148.13,148.77,14889914
149.1,150.22,148.41,150.05,21068988
159.28,159.75,156.16,157.15,56749144
157.05,157.21,155.02,155.51,22089302
156.07,157.4,155.69,156.34,17331799
157.06,158.92,156.6701,158.79,17348586
158.61,161.83,158.27,160.1,31403180
159.26,161.27,159.11,161.1,22294726
159.9,160.0,154.63,155.32,32603524
156.6,158.5728,156.07,157.49,22197629
159.32,160.21,158.75,159.78,17981174
160.66,162.195,160.14,161.64,24469208
161.98,162.51,160.15,160.92,22709694
160.52,160.71,157.84,157.86,22787527
157.86,159.5,156.72,157.51,23038087
157.5,157.89,155.1101,157.16,21205042
158.23,160.0,158.02,159.78,16593254
159.07,160.47,158.88,159.99,14898407
160.43,160.74,158.55,159.31,16082379
159.65,160.56,159.27,159.86,16889605
160.14,162.0,159.93,161.47,19034161
160.1,163.12,160.0,162.92,24838782
163.8,163.89,162.61,163.33,21970902
163.64,164.52,163.48,163.97,20894075
164.8,164.94,163.63,164.04,14075739
163.68,164.25,160.56,162.08,25106163
162.71,162.99,160.52,161.92,17058790
162.09,162.24,160.36,161.27,18577751
160.86,161.15,158.53,158.63,21135081
160.5,162.05,159.89,161.49,24593152
162.61,163.96,158.77,160.85,63257432
159.87,159.96,157.91,159.62,37745780
158.99,159.4,158.09,158.27,17796547
158.47,160.97,158.0,159.88,32782759
160.11,160.5,157.995,158.64,21048941
159.51,159.77,158.44,158.72,15561722
157.9,158.26,153.83,156.05,42348570
155.8,155.8,152.75,153.41,30401653
152.02,152.27,150.56,151.76,39677086
149.98,151.83,149.16,150.56,36684440
151.78,153.92,151.69,153.22,29052680
153.8,154.7189,153.54,154.2,20316622
153.83,154.28,152.7,153.26,18223355
153.23,154.13,152.0,154.0,20561699
154.26,154.45,152.72,153.81,15684788
154.01,155.09,153.91,154.47,13650401
153.63,153.86,152.46,153.47,16686621
154.18,155.44,154.05,155.4,16995504
154.97,155.49,154.56,155.29,13291696
155.81,156.73,155.485,155.82,12734240
156.0,158.0,155.1,155.9,12660667
155.97,156.98,155.75,156.54,13180834
156.35,157.37,155.7299,156.01,13605614
156.73,157.28,156.41,157.01,13251219
157.9,160.0,157.65,159.87,20070307
159.75,160.87,159.23,160.47,16059637
160.42,160.71,159.6,159.77,13668418
156.75,157.08,155.02,155.98,32669974
156.61,157.75,155.96,156.25,18427186
156.89,157.69,155.5,156.2,16418890
156.29,157.42,156.2,157.09,14016780
156.91,157.55,155.27,156.41,16016689
157.23,157.8295,156.78,157.42,12374254
159.29,163.6,158.7,163.03,36735155
163.89,168.07,163.72,166.72,37107049
167.9,169.6499,166.94,169.05,28536890
169.87,169.94,165.61,166.87,27873344
167.64,168.5,165.28,168.07,27624141
174.0,174.26,171.12,172.48,48908582
172.365,174.99,171.72,174.32,27765449
173.91,175.25,173.6,174.79,19694604
174.66,176.24,174.33,176.24,18728731
175.28,176.095,173.14,175.87,23800788
175.11,175.38,174.27,174.66,15442963
173.5,174.5,173.4,173.98,13706923
173.04,173.48,171.18,171.34,20215643
169.97,170.3197,168.38,169.09,23163666
171.18,171.87,170.3,171.1,17300298
171.04,171.39,169.64,170.11,17093245
170.29,170.56,169.56,169.99,11894851
170.78,173.7,170.78,173.13,18672611
173.44,175.0,173.05,174.94,18743511
175.1,175.5,174.6459,174.96,9071079
175.05,175.1,173.34,174.08,15534913
174.3,174.87,171.86,173.0,20125881
172.63,172.92,167.16,169.49,34373586
170.43,172.14,168.44,171.75,24465789
169.9,171.67,168.5,171.0,28912970
172.47,172.62,169.63,169.76,24866974
169.33,171.52,168.4,169.65,21377668
167.5,170.2047,166.46,169.05,21545899
169.03,170.44,168.91,169.33,19450089
170.49,171.0,168.82,169.36,18039550
169.2,172.89,168.79,172.66,23625893
172.15,172.39,171.461,171.73,14793147
172.63,173.54,172.0,172.31,18307475
172.43,173.13,171.65,172.22,16576895
172.81,174.17,172.46,173.88,26667725
174.92,177.2,174.86,176.43,21647216
175.03,175.39,174.09,174.53,21307511
174.87,175.42,173.25,174.36,17847200
174.17,176.02,174.1,175.01,15431929
174.68,175.424,174.5,175.05,11186150
170.8,171.47,169.679,170.57,27529613
170.1,170.78,169.71,170.58,16439823
171.0,171.85,170.48,171.07,13307218
170.71,170.71,169.22,169.3,19469267
170.16,172.3,169.26,172.26,20523941
172.53,174.55,171.96,172.18,23193409
172.54,173.47,172.08,173.02,17742231
173.44,175.37,173.05,174.96,18402859
174.31,175.61,173.93,174.34,15554212
174.55,175.06,173.41,174.33,17267132
173.16,174.3,173.0,174.245,19012396
174.59,175.4886,174.49,175.27,14222366
176.18,177.36,175.65,177.0,17956716
177.91,179.39,176.14,176.2,23154527
176.15,179.25,175.07,179.1,26958931
179.37,180.1,178.25,179.27,23144183
178.61,179.58,177.41,178.45,21452221
177.3,177.78,176.602,177.01,19801191
177.3,179.44,176.82,176.96,26523532
177.25,177.3,173.2,174.22,40325546
174.28,174.95,170.53,171.1,33340074
172.0,172.0,170.06,171.45,30510493
170.16,170.16,167.07,167.96,38802170
165.555,167.37,164.7,166.96,38306962
166.87,168.4417,166.5,167.47,24160485
167.165,168.62,166.76,167.7,29765526
166.47,166.8,160.1,160.41,67919941
159.1,163.88,156.0,156.49,59470254
154.91,163.72,154.0,163.06,54780528
163.085,163.4,159.0685,159.52,41035232
160.29,161.0,155.03,155.16,43609866
156.67,157.89,150.24,156.22,54464820
158.48,163.89,157.51,162.75,45978023
161.95,164.75,161.65,164.3451,26023893
163.045,167.54,162.88,167.36,32197106
169.79,173.09,169.0,173.0,43517636
172.36,174.82,171.77,172.45,33864874
172.07,174.26,171.42,171.85,27565605
172.83,174.12,171.01,171.01,30377663
171.85,173.95,171.71,172.61,26187505
173.67,175.65,173.54,175.56,28074124
176.35,179.39,176.21,178.98,30961837
179.1,180.48,178.16,178.34,32686808
179.33,180.615,178.05,178.13,26337414
178.54,179.775,172.66,174.95,41423985
172.8,176.3,172.45,176.28,31779596
175.21,177.74,174.52,176.83,22661785
177.91,178.25,176.13,176.68,19589517
175.15,175.85,174.27,175.02,25064495
175.48,177.12,175.07,176.95,19424129
177.96,180.0,177.39,179.96,25304044
180.29,182.39,180.21,181.73,27713861
182.57,183.5,179.24,179.95,26591337
180.32,180.52,177.81,178.485,24683076
178.5,180.24,178.0701,178.65,18598941
178.61,179.12,177.62,177.89,22076737
177.37,177.47,173.66,175.32,26080445
175.24,176.8,174.94,175.25,15303553
175.04,175.09,171.26,171.27,29835499
170.0,172.68,168.6,168.75,34791308
168.39,169.92,164.94,164.96,32035770
168.07,173.1,166.44,172.76,27980655
173.69,175.15,166.92,168.35,32610401
167.25,170.02,165.19,166.48,32621496
167.805,171.75,166.9,167.91,25762606
167.88,168.94,164.47,166.68,30080214
167.64,168.7455,164.88,168.39,23608807
164.88,172.01,164.77,171.58,27468450
172.58,174.2304,172.08,172.78,21288394
170.97,172.48,168.2,168.35,26793087
169.88,173.09,169.845,170.06,22345042
173.0,174.0,171.53,173.25,23471241
172.23,173.9232,171.7,172.44,18090913
173.41,175.0,173.04,174.16,18783496
174.76,175.84,173.85,174.73,18387042
175.0301,176.19,174.8301,175.82,18011687
176.49,178.9365,176.41,178.24,19446989
177.81,178.82,176.88,177.84,16089854
174.95,175.39,172.66,172.8,28152833
170.595,171.2184,165.43,165.72,54178001
166.8348,166.92,164.09,165.25,28220229
165.67,166.33,161.2201,162.94,28381103
162.62,165.42,162.41,163.7716,22795099
164.12,165.73,163.37,164.22,21898218
164.0,164.33,160.63,162.33,30193502
162.1302,167.26,161.84,165.26,32012814
166.4102,169.2,165.27,169.0,36454671
175.225,177.75,173.8,176.62,54314549
175.88,177.5,174.4411,176.91,28142461
178.25,184.25,178.17,183.83,47736638
185.18,187.67,184.75,185.1,36221788
184.99,186.22,183.665,186.04,21645147
186.58,187.4,185.22,187.24,18740306
187.74,190.37,187.65,190.03,23452024
189.49,190.06,187.45,188.59,18359973
189.01,189.53,187.86,188.17,14867957
186.78,187.07,185.1,186.44,18353467
186.07,188.46,186.0,188.19,15299288
188.0,188.91,186.36,186.99,13931428
187.19,187.8102,186.13,186.29,14080351
188.0,189.27,186.9106,187.61,14657411
188.375,188.88,186.78,187.31,10892693
186.35,188.5,185.76,188.45,13163973
188.77,188.84,186.21,188.21,15019898
188.23,189.65,187.65,188.58,13702107
187.6,188.75,186.87,187.86,17042382
187.72,188.0,186.78,187.5,14392159
187.25,188.23,186.14,186.88,16629099
187.9912,190.26,187.75,190.23,18945563
191.6,193.42,191.35,191.81,21384586
193.065,193.94,192.36,193.31,17150795
193.63,194.08,191.92,194.05,14723517
194.14,194.2,192.335,193.48,15194845
191.17,192.0,189.77,191.48,19848900
191.35,191.97,190.21,191.26,14652792
191.385,192.611,191.15,192.25,12611787
192.42,192.88,190.44,190.71,14937487
191.55,191.57,190.22,190.81,15777357
190.03,190.16,188.26,188.92,28467278
187.88,189.22,187.2,188.76,12508865
185.26,186.33,183.45,185.77,24443783
186.35,187.2,185.73,186.5,15060518
187.25,188.35,184.94,185.47,16736811
185.91,186.15,184.7,184.92,12745954
183.4,184.92,180.73,182.18,23549810
182.89,186.53,182.54,184.44,18733475
185.2278,187.28,184.03,184.165,19664360
184.1,186.21,183.8,185.51,13497782
186.29,187.19,182.91,182.91,14503193
183.82,187.3,183.42,187.15,13335802
187.79,187.95,183.54,183.64,10840264
185.26,186.41,184.28,185.38,12922262
185.42,188.434,185.2,187.98,13353148
189.5,190.68,189.3,190.61,14632953
190.71,191.28,190.1801,190.35,11688121
188.5,189.7799,187.61,187.93,13470057
189.53,191.41,189.31,191.04,13311692
191.08,191.84,190.9,191.33,9533809
191.52,192.65,190.415,190.92,11046180
189.75,191.87,189.2,191.47,11045518
191.78,191.8,189.93,190.4,10596028
189.7,192.55,189.69,191.97,14036840
191.76,192.43,190.17,191.67,13337496
190.68,191.96,189.56,191.6,10880167
192.45,193.6601,192.05,192.99,13299653
193.0602,194.85,192.43,194.82,12525375
194.61,195.96,193.61,194.23,14241029
194.99,195.19,190.1,190.98,18520705
191.9,192.2,189.07,189.94,15726885
190.34,192.14,189.34,190.58,23827866
199.13,201.76,197.31,201.62,55058201
200.58,208.38,200.35,207.38,52607314
207.03,208.74,205.4803,207.98,26246694
208.0,209.25,207.07,209.06,20174048
209.32,209.5,206.76,207.11,20857548
206.09,207.81,204.52,207.25,16545228
207.28,209.78,207.2,208.89,18767039
207.36,209.1,206.67,207.55,18212953
207.7,210.952,207.7,208.86,21242149
210.155,210.56,208.26,209.76,14731443
209.22,210.74,208.33,210.3,22393387
211.75,213.8121,211.47,213.48,21207805
213.44,217.95,213.16,217.61,28900675
218.1,219.18,215.11,215.45,23264202
216.8,217.19,214.025,215.06,20519450
214.1,216.36,213.84,215.06,14190013
214.65,217.05,214.6,215.58,14354885
216.6,216.9,215.11,216.14,13508061
217.15,218.74,216.33,217.99,15634971
219.01,220.54,218.92,219.71,18414478
220.15,223.49,219.41,222.98,21467701
223.25,228.26,222.4,225.07,40292721
226.51,228.87,226.21,227.51,30059736
228.41,229.18,226.63,228.36,20702933
228.99,229.67,225.1,226.87,25898450
226.23,227.35,221.3,223.12,27250729
221.85,225.37,220.71,221.42,29596507
220.96,221.85,216.47,218.3402,29370268
218.01,224.299,216.56,223.86,27700011
224.94,225.0,219.84,221.06,39249350
223.52,228.35,222.57,226.4,31575373
225.75,226.84,222.522,223.64,23562371
222.15,222.95,217.27,217.89,28375627
217.79,221.85,217.12,218.24,24147467
218.5,219.62,215.3,218.34,20793048
220.32,222.28,219.15,220.04,19407352
220.57,221.36,217.29,217.655,35567117
216.82,221.26,216.63,220.79,19526076
219.75,222.82,219.7,222.19,15917628
221.0,223.75,219.76,220.51,17135872
223.79,226.44,223.54,225.09,21761696
224.79,225.84,224.02,225.76,15106196
227.95,229.42,226.35,227.27,16337487
227.25,230.0,226.63,229.29,18374731
230.05,233.47,229.78,232.1,21649962
230.78,232.35,226.73,227.99,23764631
227.96,228.41,220.58,224.26,25806520
222.21,224.8,220.2,223.76,21084112
223.63,227.27,222.2462,226.87,19672102
225.46,226.35,216.05,216.39,29815295
214.52,219.5,212.32,214.45,38787008
220.42,222.88,216.84,222.11,28354162
221.16,221.83,217.27,217.28,22403259
218.93,222.99,216.7627,222.13,21865043
222.3,222.64,219.34,221.2,16169647
217.86,219.74,213.0,216.12,23483746
219.16,221.26,217.43,219.3,23788682
219.79,223.36,218.94,220.59,23781840
215.83,223.25,214.7,222.9,36787089
222.6,224.23,214.54,215.06,36197804
217.71,222.44,216.75,219.85,22758164
215.9,220.19,212.67,216.03,41258595
219.255,219.69,206.09,212.55,36069395
211.15,215.18,209.27,213.33,29704603
216.88,220.45,216.62,218.75,31900983
219.07,222.36,216.81,222.05,40261246
209.55,213.89,205.43,206.14,82917876
204.3,204.39,198.17,201.59,51670747
201.92,204.72,201.69,203.78,27934956
205.89,210.01,204.13,209.91,26705827
209.94,210.12,206.75,208.49,19216333
205.55,206.01,202.25,204.47,23852926
198.9,199.85,193.79,194.2,40614690
191.63,197.18,191.4501,192.23,35553485
193.9,194.48,185.93,186.76,57202350
188.39,193.99,186.9,191.5,42306727
190.5,194.9695,189.46,193.58,34044307
190.0,190.7,184.99,185.85,37092706
178.37,181.47,175.51,177.01,63109179
179.73,180.27,176.55,176.82,27395649
174.94,176.595,172.1,172.25,21939557
174.24,174.95,170.26,174.58,40367186
171.51,174.77,170.88,174.245,37132335
176.73,181.29,174.93,180.96,42264101
182.66,182.8,177.7,179.55,38797596
180.29,180.33,177.03,178.6,28559844
184.46,184.94,181.21,184.93,35606774
180.95,182.3899,176.27,176.67,35659368
171.76,174.78,170.42,174.77,38911135
173.49,174.49,168.3,168.38,37358874
165.0,170.09,163.33,169.61,57206552
171.66,171.79,167.0,168.67,41305424
170.4,171.92,169.02,169.04,30803351
170.49,172.57,169.22,170.82,29424166
169.0,169.08,165.28,165.4,36692953
165.45,168.35,162.73,163.97,37985427
165.38,167.53,164.39,165.87,29845988
166.0,167.45,158.7,160.76,41382586
160.4,162.11,155.3,156.84,58947341
156.86,158.16,149.63,150.85,72723677
148.15,151.55,146.44,146.62,34312501
148.3,157.22,146.72,157.18,52488787
155.84,156.77,150.07,156.12,46950454
157.47,158.52,154.55,156.07,37588889
158.53,159.36,156.51,156.7,29014557
154.89,158.85,154.23,157.5225,27803621
143.98,145.72,142.0,142.29,82418448
144.53,148.5499,143.8,148.12,51267225
148.7,148.83,145.9,147.91,49982480
149.56,151.82,148.52,150.63,36592406
151.29,154.53,149.63,153.37,40827842
152.5,153.97,150.86,153.55,32553301
152.88,153.7,151.51,152.0534,22850904
150.85,151.27,149.22,149.76,26038136
150.27,153.39,150.05,152.95,25862287
153.08,155.88,153.0,154.91,27032885
154.2,157.66,153.26,155.53,26717099
157.5,157.88,155.9806,156.57,30450605
156.41,156.73,152.62,152.93,24086204
154.15,155.14,151.7,153.6799,20246607
154.11,154.48,151.74,152.63,20669415
155.48,158.13,154.32,157.5,29575048
155.79,156.28,153.66,156.0878,22270959
156.25,158.13,154.11,154.5,30723484
163.25,166.15,160.23,165.49,49026033
166.11,169.0,164.56,166.6249,31699885
166.96,168.98,165.93,166.62,25342728
167.41,171.655,167.28,170.99,26912592
172.86,175.08,172.3501,174.01,31860037
174.65,175.57,172.8531,174.1699,25696142
172.4,173.94,170.34,170.64,28233078
168.99,170.66,168.42,170.04,20428524
171.05,171.21,169.25,169.43,17954651
170.1,171.0,169.7,170.7384,18989903
171.39,172.48,169.92,169.98,19353125
169.71,171.2615,169.38,170.98,18263570
171.25,171.7,169.75,170.25,22555013
169.71,171.44,169.49,170.8499,16672024
171.19,173.32,170.99,172.09,22439817
171.8,172.37,170.3,171.14,15647117
171.58,173.0,171.38,172.97,15245361
174.16,175.87,173.95,174.26,19540227
173.71,175.3,173.1732,174.35,14716104
173.26,175.0,172.73,174.88,22914417
174.32,174.91,172.92,173.2,19815729
174.28,175.15,172.89,174.97,20830861
175.69,177.75,173.97,175.86,24195978
175.94,176.0,174.54,175.51,15413946
174.67,175.49,173.94,174.51,17535168
174.02,174.44,172.02,172.47,20110131
170.32,173.07,169.5,172.92,19475688
175.49,179.12,175.35,178.98,26225966
180.0,182.67,179.37,180.94,27277399
182.25,183.3,180.92,181.72,23960992
183.9,184.1,182.56,183.73,19457731
184.66,187.33,184.66,186.21,21750706
185.8,188.39,185.79,188.03,22563772
188.35,188.99,185.92,186.54,26863005
186.23,189.49,184.73,188.17,26974003
190.02,196.33,189.81,195.05,42720798
195.34,197.69,190.78,191.06,38334323
191.55,191.98,186.6,188.77,40742481
191.64,192.88,184.58,186.79,43454017
188.75,189.76,186.55,188.47,26586290
188.95,189.559,187.53,188.71,19309376
189.99,190.08,188.54,189.94,18489986
191.64,191.68,188.38,191.24,12098014
191.09,194.46,191.05,194.04,19797454
193.25,196.5,193.15,195.35,19793141
194.79,196.37,193.14,195.72,17091108
196.45,197.1,195.93,196.97,15842943
196.42,200.23,196.34,200.08,23231403
200.32,202.85,199.23,199.5,32840959
198.68,200.74,198.18,200.66,19861942
200.85,201.0,198.4431,198.95,17931789
199.2,200.14,196.21,198.88,24667735
198.58,199.85,198.01,199.23,14551176
199.46,201.37,198.56,199.25,24002891
199.54,203.38,198.61,203.12,27366117
203.12,204.15,202.52,203.86,21928367
202.83,204.94,202.34,204.64,13720923
204.43,207.75,203.9,207.51,19401417
207.36,208.48,207.05,207.18,14914939
206.83,207.76,205.12,205.24,15908807
204.9,205.0,202.12,204.29,16315669
204.4,205.97,203.86,204.61,19641066
203.06,203.4,199.11,200.57,35362106
209.88,215.31,209.23,210.52,57751414
209.84,212.65,208.13,209.17,29014844
210.74,211.84,210.23,211.78,17987793
204.29,208.84,203.5,208.6,28949691
205.88,207.4175,200.825,202.86,34328425
201.9,205.34,201.75,202.9,22729670
200.4,201.68,196.66,200.72,32427147
197.419,198.85,192.77,197.3,36118438
187.71,189.48,182.85,185.72,50491792
186.41,189.7,185.41,188.65,31498214
186.27,191.75,186.02,190.92,23655393
189.91,192.4689,188.84,190.14,28660083
186.93,190.9,186.76,188.98,29246990
183.52,184.349,180.2839,183.09,33285709
185.22,188.0,184.7,186.59,23901501
184.66,185.71,182.55,182.79,26540561
179.8,180.54,177.81,179.67,31272923
180.2,182.14,178.62,179.06,21514327
178.9,180.59,177.91,178.17,22515281
176.42,179.35,176.0,177.35,26177083
177.95,179.23,176.67,178.25,19579368
176.22,177.985,174.99,175.0,22909538
175.6,177.92,170.27,173.28,36721281
175.44,179.83,174.52,179.67,27174311
184.28,184.99,181.14,182.541,26260553
183.08,185.47,182.1489,185.23,18504740
186.51,191.92,185.77,190.14,26413228
191.81,195.37,191.62,192.52,23763115
194.82,196.0,193.6,194.81,22631965
193.95,195.97,193.385,194.19,16299683
194.7,196.79,193.6,194.74,35633462
191.545,193.5863,190.3,192.745,31598181
192.9,194.96,192.17,193.95,12831457
196.0,200.29,195.21,198.5,23433567
199.68,199.88,197.31,197.86,17581620
200.37,200.61,198.03,199.3794,18470638
198.8,200.85,198.15,198.8,30026975
198.54,200.16,198.17,198.55,14762379
198.43,199.26,195.29,195.57,18361798
197.83,200.99,197.35,199.8,22499633
200.29,201.57,199.57,199.73,15460769
199.24,199.4,197.05,197.92,18773228
203.17,204.49,200.65,201.68,24084814
201.41,203.1323,201.36,202.71,15693876
203.27,204.44,202.6901,204.41,9285267
203.35,205.08,202.9,204.25,14933941
200.81,201.4,198.41,200.01,21987224
199.2,201.51,198.81,201.22,17767726
201.91,203.73,201.56,203.21,15615143
203.31,204.39,201.72,201.74,16021915
202.45,204.0,202.2,203.24,15272214
204.09,205.87,204.0,205.2,14419116
204.59,206.11,203.5,204.49,14501634
204.05,205.0915,203.27,203.28,11652445
204.0,205.88,203.7,205.66,15375748
205.79,206.5,202.36,202.57,18834365
203.65,207.23,203.61,207.22,18906200
208.46,208.91,207.29,208.825,16418505
207.67,209.15,207.17,208.67,13012280
208.89,209.24,206.73,207.05,11866283
207.48,209.73,207.14,207.75,15409845
208.46,210.64,208.44,209.67,18828351
208.76,210.16,207.31,208.884,24482953
216.42,221.37,211.3,212.78,62976187
213.9,218.03,206.7435,208.4595,51518842
205.53,206.19,201.7,204.09,30361920
197.99,198.649,192.58,193.22,44910342
196.31,198.067,194.04,196.98,31922123
195.41,199.56,193.82,199.14,29096670
200.22,203.53,199.39,203.45,23184966
202.3093,202.76,199.3,200.93,20564640
199.62,202.0516,199.15,200.5,19539038
201.05,212.14,200.83,208.98,43076897
203.16,206.44,202.5869,202.75,30918861
203.46,205.14,199.67,201.74,24575334
204.28,207.16,203.84,206.44,25086579
210.62,212.7307,210.025,210.34,21547293
210.88,213.35,210.32,210.35,21011089
212.99,213.65,211.6032,212.65,18800282
213.19,214.435,210.75,212.45,19267504
209.43,212.051,201.0,202.63,40593444
205.86,207.19,205.0573,206.6,22978406
207.81,208.55,203.53,204.14,19309254
204.1,205.72,203.32,205.52,14081649
208.5,209.32,206.655,209.1,18354476
210.16,210.45,207.2,208.74,16839712
206.43,206.98,204.22,205.695,17928464
208.39,209.48,207.32,209.25,16915267
212.0,213.97,211.51,213.27,20371927
214.05,214.42,212.51,213.27,17147590
214.84,216.44,211.07,214.15,23194004
213.86,216.78,211.71,216.77,27664503
218.07,223.64,217.73,223.587,39572875
224.8,226.42,222.86,223.09,26816046
220.0,220.79,217.02,218.8,35658287
217.73,220.13,217.56,219.9,18614200
219.96,220.82,219.12,220.65,15755170
221.06,222.85,219.44,222.77,22597641
222.01,223.76,220.37,220.95,19560095
221.38,222.56,217.473,217.69,36711725
218.95,219.84,217.65,218.68,16353130
221.03,222.49,217.19,217.68,27025966
218.55,221.5,217.1402,220.99,18945127
220.0,220.94,218.83,219.89,16151246
220.54,220.96,217.2814,218.85,22606388
220.9,224.58,220.79,223.98,22189704
225.07,228.22,224.2,224.58,32017308
223.06,223.35,217.93,218.96,31067943
218.43,220.96,215.132,220.81,25267290
225.64,227.49,223.89,227.01,61420683
226.27,229.93,225.84,227.06,56249522
225.82,228.06,224.33,224.39,49356153
227.03,227.79,225.64,227.0,33424472
227.93,230.44,227.3,230.09,51957764
232.95,237.64,232.3075,236.22,75801862
234.9,238.1342,234.6701,235.89,43035391
236.39,237.65,234.88,235.32,37286507
233.37,235.24,233.2,234.39,32693993
235.09,236.15,233.52,235.29,30936663
234.59,237.58,234.29,236.28,45791251
238.3659,240.99,238.32,240.53,17427391
241.16,242.2,239.6218,239.97,19060536
242.1,243.24,241.22,243.14,17199153
244.51,244.8,241.805,243.6,15641517
243.16,246.73,242.88,246.58,15414721
247.42,249.25,246.72,249.04,22187260
248.97,249.75,242.57,243.29,32725739
244.76,245.3,241.21,243.29,25443913
247.24,249.17,237.26,248.84,29688327
249.54,255.93,249.16,255.84,33985331
257.33,257.845,255.38,257.48,23618001
257.05,258.19,256.32,257.15,17738372
256.84,257.49,255.365,257.24,15328064
258.74,260.35,258.11,259.5,22267200
258.69,260.44,256.85,260.14,15896858
258.3,262.47,258.28,262.2,19401290
261.55,262.79,260.92,261.98,19425255
261.13,264.78,261.07,264.47,24029891
263.75,264.88,262.1,262.69,20368211
263.68,265.78,263.01,265.75,23136341
265.8,267.43,264.23,267.12,18045658
267.9,268.0,265.3926,266.29,14685205
265.54,266.083,260.4,263.22,22181038
263.71,264.005,261.18,262.01,25411879
262.59,263.18,260.84,261.84,14301792
262.71,266.44,262.52,266.42,15137109
266.94,267.16,262.5,264.1,14856696
265.58,267.98,265.31,267.8999,14459464
266.6,268.0,265.9,267.18,8827719
267.27,268.25,263.45,264.09,20260941
258.31,259.53,256.29,259.52,25772086
261.07,263.31,260.68,261.74,14623003
263.79,265.89,262.73,265.58,15381351
267.48,271.0,267.3,270.7,23057888
270.0,270.8,264.91,266.92,27858494
268.6,270.07,265.86,268.62,20404044
268.81,271.1,268.5,270.74,17110774
267.79,272.5599,267.321,271.46,30907462
271.46,275.3,270.93,275.26,29835265
276.99,280.79,276.98,279.86,26824132
279.57,281.77,278.8,280.42,24453671
279.8,281.9,279.12,279.71,22974624
279.61,281.18,278.95,280.03,17776673
282.23,282.65,278.56,279.28,34326205
280.53,284.25,280.3735,283.97,18929964
284.69,284.89,282.9197,284.2762,9678447
284.78,289.98,284.7,289.91,20772521
291.12,293.97,288.12,289.83,32927275
289.46,292.69,285.22,291.647,33920736
289.93,293.68,289.52,293.37,21437960
296.24,300.6,295.19,300.58,30589026
297.15,300.58,296.5,297.38,31609363
293.79,299.96,292.75,299.78,27487207
299.84,300.9,297.48,298.27,23877417
297.16,304.4399,297.156,303.15,29547763
307.25,310.43,306.2,309.71,39240341
310.6,312.67,308.25,310.37,32981826
311.66,317.07,311.15,316.97,28105058
316.7,317.57,312.17,312.69,37279469
311.85,315.5,309.55,311.5,28107488
313.59,315.7,312.09,315.33,24013095
316.27,318.74,315.0,318.67,30204740
317.19,319.02,316.0,316.55,44685529
318.75,319.99,317.31,317.7,44852758
317.86,319.56,315.65,319.2899,41293070
320.25,323.33,317.5188,318.33,67508467
310.06,311.77,304.88,308.96,35107297
312.6,318.4,312.19,317.76,30754951
324.45,327.85,321.38,324.32,47978319
320.65,324.09,318.75,323.8762,29370141
320.95,322.68,308.29,309.33,46153891
304.3,313.49,302.22,308.71,40308612
315.31,319.64,313.6345,318.86,30865583
323.52,324.4,318.95,321.58,26442843
322.57,325.22,320.2648,325.21,23365266
322.37,323.4,318.0,320.04,27107613
314.18,321.54,313.85,321.54,23748626
323.6,323.9,318.71,319.61,21422946
321.62,327.21,321.47,327.2,24425223
324.19,326.22,323.35,324.91,21088852
324.74,325.98,322.85,324.94,17502899
315.36,319.75,314.61,319.0,34217504
320.0,324.57,320.0,323.62,19929550
322.55,324.65,318.21,320.3,22805445
318.62,320.45,310.5,313.03,29739870
297.26,304.18,289.23,298.17,49427633
300.95,302.53,286.13,288.08,52521891
286.53,297.88,286.5,292.69,46094168
281.1,286.0,272.96,273.04,72477356
257.26,278.41,256.37,274.64,96710951
282.28,301.44,277.72,298.82,78891672
303.67,304.0,285.8,289.31,74214898
296.44,303.4,293.13,302.76,49969205
295.52,299.55,291.41,292.92,42089988
282.0,290.82,281.23,288.98,51462221
263.75,278.09,263.0,266.09,130952816
277.14,286.44,269.37,285.69,65679929
277.39,281.22,271.86,275.3,58216000
255.94,270.0,248.0,248.0,96606887
264.89,279.92,252.95,278.06,83319113
241.95,259.08,240.0,241.47,74222204
247.51,257.61,238.4,252.85,151273870
239.77,250.0,237.12,249.0,62337123
247.385,252.84,242.61,244.78,61569852
247.18,251.83,228.0,228.74,83656772
228.08,228.4997,212.61,223.43,77575565
236.36,247.69,234.3,246.88,64013339
250.82,258.25,244.3,245.465,67944382
246.52,258.68,246.36,258.48,54641901
252.75,255.87,247.05,247.62,45641532
250.74,255.52,249.4,254.79,37524398
255.6,262.49,252.0,254.3,41083385
246.5,248.72,239.13,240.76,39826068
240.34,245.15,236.9,244.93,75974814
242.8,245.7,238.9741,241.43,29119767
250.9,263.11,249.38,262.285,43802547
270.8,271.7,259.0,259.385,47214898
262.74,267.37,261.23,266.04,36519701
268.7,270.07,264.7,267.96,37508554
268.31,273.7,265.83,273.23,30530102
280.0,288.25,278.05,287.07,88126631
282.4,286.33,280.63,284.45,54896950
287.38,288.1975,282.3502,286.72,103289014
284.69,286.945,276.86,282.74,189543675
277.95,281.68,276.85,276.85,86952157
276.28,277.25,265.43,268.36,120805673
273.61,277.58,272.2,276.09,95665531
275.87,281.75,274.87,274.87,55290604
277.2,283.01,277.0,282.95,84909438
281.8,284.54,279.95,283.25,52652760
285.08,285.83,278.2,278.57,24567863
284.73,289.67,283.89,287.83,57520384
289.96,294.53,288.35,293.99,34380486
286.25,299.0,285.85,289.07,112571771
289.17,293.69,286.3172,293.17,31026388
295.06,301.0,294.46,297.78,68730265
300.46,303.24,298.87,300.5,33168366
303.22,305.17,301.97,303.75,52106578
305.64,310.29,304.29,310.1484,30509246
308.1,317.05,307.24,315.005,34252219
317.83,319.688,310.91,311.51,72568708
312.15,315.95,303.21,307.68,46896514
304.51,309.79,301.53,309.7,36192573
300.35,307.9,300.21,307.74,38430814
313.17,316.5,310.3241,314.89,58756477
315.03,318.52,313.01,313.01,23453139
316.68,319.52,316.2,319.16,49657449
318.66,320.89,315.87,317.04,46099960
315.77,319.23,315.35,318.89,37592751
323.5,324.24,316.5,316.84,27609402
316.14,318.71,313.09,318.08,24944652
316.77,323.44,315.63,318.15,28935286
319.25,321.15,316.47,318.76,56248101
317.75,322.35,317.21,321.76,37704502
320.745,323.44,318.93,323.42,37968664
324.66,326.1,322.3,325.09,45506089
324.39,325.62,320.78,322.25,38930216
323.35,331.75,323.23,331.54,29572650
330.25,333.5,327.32,333.4402,20899464
332.14,345.61,332.01,344.32,66753163
347.9,354.77,346.09,352.78,76721048
349.31,351.06,335.59,336.08,44058913
344.72,347.8,337.63,337.655,26008570
333.25,344.8,332.58,342.99,62285020
351.46,353.2,344.72,352.26,36742302
355.15,355.4,351.09,351.2438,50065784
351.41,353.45,349.22,351.59,21375772
354.635,356.56,345.15,349.55,90845598
351.34,359.46,351.15,358.93,30845663
364.0,372.37,362.2701,366.37,50255788
365.0,368.79,358.52,360.06,44983139
360.7,365.0,357.57,364.88,32015338
364.41,365.32,353.02,353.69,40859277
353.25,362.1736,351.28,362.0,29154717
360.08,365.98,360.0,364.6,28884259
365.12,367.36,363.91,364.01,25429807
367.85,370.47,363.65,364.12,25332853
370.0,375.78,369.87,373.81,26084791
375.41,378.62,372.23,372.64,24610596
376.72,381.5,376.36,381.44,26025692
385.05,393.91,378.69,382.6599,29212120
381.34,383.92,378.8207,383.52,20333748
389.06,399.82,381.03,381.91,43528308
379.36,389.02,375.51,388.21,37043531
395.96,396.99,385.96,390.91,35722109
386.25,389.62,383.62,385.72,24614253
387.95,388.59,383.36,385.15,20185278
385.665,394.0,384.25,393.43,19422805
396.69,397.0,386.97,388.0,23389568
386.77,391.9,386.41,389.09,18899399
387.9935,388.31,369.64,371.56,25747322
363.95,371.88,356.58,370.42,43883515
374.84,379.62,373.92,379.215,26920001
377.47,378.1986,372.99,373.04,23023333
375.0,380.92,374.85,380.27,20387893
376.75,385.19,375.07,384.88,29577510
411.535,425.66,403.3,425.19,86940020
432.8,446.5457,431.57,435.66,59319804
436.53,443.16,433.55,438.81,40871187
437.51,441.57,435.59,440.339,27322942
441.62,457.65,439.19,455.88,47755979
452.82,454.7,441.17,444.41,45586418
449.75,452.98,440.0,450.94,40068874
447.875,449.93,436.4267,437.51,42368444
441.99,453.1,441.19,452.24,38649102
457.72,464.17,455.71,460.03,48059064
459.315,460.0,452.18,459.78,38149232
464.25,464.35,455.8501,458.39,25935894
457.41,464.0,456.03,462.08,24276411
463.933,468.65,462.44,462.825,33874948
463.0,473.568,462.9335,472.83,29389880
477.05,499.472,477.0,497.4,79453112
514.79,515.14,495.745,503.79,81260572
498.79,500.7172,492.21,499.31,49337045
504.7165,507.97,500.33,506.19,37949023
508.57,509.94,495.33,500.04,36378278
504.05,505.77,498.31,498.83,38207206
127.58,131.0,126.0,128.85,199136542
132.76,134.8,130.53,134.2,138233208
137.59,137.98,127.0,131.22,184800962
126.91,128.84,120.5,120.92,227958928
120.07,123.7,110.89,120.9,308317528
113.95,118.99,112.68,112.83,207475295
117.26,119.14,115.26,117.18,154399690
119.5,120.05,112.5,113.48,141520456
114.57,115.23,110.0,112.01,168935205
114.72,115.93,112.8,115.3599,123728990
118.33,118.829,113.61,115.55,171497919
115.23,116.0,112.04,112.13,142859370
109.72,112.2,108.71,110.32,159638807
110.4,110.88,106.09,106.6,208107357
104.54,110.19,103.1,110.13,178442044
112.68,112.86,109.16,111.8,167185259
111.62,112.11,106.77,107.23,131794926
105.17,110.25,105.0,108.2015,152123922
108.43,112.44,107.67,112.28,137542199
114.98,115.32,112.78,115.0,119572328
114.55,115.31,113.57,114.11,89264463
113.77,117.25,113.62,115.61,115978209
117.64,117.72,115.83,116.8,97603139
112.89,115.37,112.22,113.02,122690422
113.92,116.65,113.55,116.54,93972780
115.7,116.12,112.25,113.16,142211773
114.62,115.51,114.13,115.05,84487218
116.27,116.4,114.5901,114.97,74552335
115.28,117.0,114.92,116.98,86041259
120.06,125.18,119.2845,124.42,214339341
125.27,125.39,119.65,121.05,241006181
120.99,123.03,119.62,121.29,135410215
118.72,121.2,118.15,120.7453,97361453
121.28,121.548,118.81,118.96,100869315
119.96,120.419,115.66,116.0,95733407
116.19,118.98,115.63,117.5,108602099
116.67,118.705,116.45,116.86,69861622
117.45,118.04,114.59,115.7737,90327115
116.39,116.55,114.28,115.04,73088651
114.01,116.55,112.88,115.06,94591584
115.49,117.28,114.5399,116.53,80663462
115.05,115.43,111.1,111.15,123242639
112.37,116.93,112.2,114.52,111552689
111.06,111.99,107.72,108.9,163824978
109.11,110.68,107.32,108.77,106260834
109.66,111.47,108.73,110.375,93660131
114.14,115.59,112.35,114.94,114505478
117.99,119.62,116.8686,118.99,107993032
118.32,119.2,116.13,118.685,99225280
120.5,121.99,116.05,116.32,129352953
