,close
2016-08-30,-0.007770080509267863
2016-08-31,0.0011321822813472604
2016-09-01,0.005842993120346751
2016-09-02,0.009369436896842442
2016-09-06,-0.0002784739626845445
2016-09-07,0.006220984215413283
2016-09-08,-0.026391067638645405
2016-09-09,-0.022462325845891473
2016-09-12,0.022299786697692392
2016-09-13,0.024468892261001463
2016-09-14,0.0347157933715978
2016-09-15,0.0339983895499687
2016-09-16,-0.005710824608462395
2016-09-19,-0.012009398659820647
2016-09-20,0.00035232978067467613
2016-09-21,-0.0003522056881217761
2016-09-22,0.009512904078217144
2016-09-23,-0.016622458773230986
2016-09-26,0.0014648875071092693
2016-09-27,0.0021263400372109054
2016-09-28,0.007426399080540991
2016-09-29,-0.015533128565160093
2016-09-30,0.007577108218933759
2016-10-03,-0.004600548526939696
2016-10-04,0.004532930406186075
2016-10-05,0.00017695983011867256
2016-10-06,0.007696390658173957
2016-10-07,0.0010534632604688454
2016-10-10,0.017714636499166936
2016-10-11,0.0024989228780698536
2016-10-12,0.008681450919717948
2016-10-13,-0.0030677460587984484
2016-10-14,0.005470553038721349
2016-10-17,-0.0006800986142990739
2016-10-18,-0.0008507018290089263
2016-10-19,-0.0028097062579821586
2016-10-20,-0.0009392076502732216
2016-10-21,-0.004102213486026907
2016-10-24,0.009267999656740633
2016-10-25,0.005526740923391005
2016-10-26,-0.022577371892440357
2016-10-27,-0.00942988147763646
2016-10-28,-0.006812227074235788
2016-10-31,-0.00140696447414701
2016-11-01,-0.018228249383585804
2016-11-02,0.00098663557269707
2016-11-03,-0.015949820788530467
2016-11-04,-0.00892369331633569
2016-11-07,0.014424843807423704
2016-11-08,0.005887147903269607
2016-11-09,-0.0016207455429497752
2016-11-10,-0.02786796536796532
2016-11-11,0.00584469802393528
2016-11-14,-0.025087622209924332
2016-11-15,0.013339640491958349
2016-11-16,0.02707496965736156
2016-11-17,-0.0006363057903827629
2016-11-18,0.0010915044569765886
2016-11-21,0.015173541704524895
2016-11-22,0.00035800590709733626
2016-11-23,-0.0048760848170350535
2016-11-25,0.004989885367498337
2016-11-28,-0.001789228842368984
2016-11-29,-0.0010754615522495792
2016-11-30,-0.008433518751121416
2016-12-01,-0.009500542888165042
2016-12-02,0.003836667580158881
2016-12-05,-0.007189007189007279
2016-12-06,0.007699358386801025
2016-12-07,0.009732581408040897
2016-12-08,0.009909017205657067
2016-12-09,0.01650165016501637
2016-12-12,-0.0058792558792557514
2016-12-13,0.016771118368787974
2016-12-14,8.681309141422844e-05
2016-12-15,0.0053819444444442865
2016-12-16,0.0013166983249870423
2016-12-19,0.005669447498329427
2016-12-20,0.002743719454685767
2016-12-21,0.0009405728943994163
2016-12-22,-0.00657782333845891
2016-12-23,0.001891822168716084
2016-12-27,0.006351386147111837
2016-12-28,-0.004264392324093813
2016-12-29,-0.00017130620985006395
2016-12-30,-0.007624432450955232
2017-01-03,0.002589779005524928
2017-01-04,-0.0010332357499569511
2017-01-05,0.0050853301154973884
2017-01-06,0.011148272017837302
2017-01-09,0.009244338902552718
2017-01-10,0.000924369747899112
2017-01-11,0.005205272437242892
2017-01-12,-0.0040090202956653
2017-01-13,-0.0018448637316561545
2017-01-17,0.008065193648659985
2017-01-18,-0.00016668055671298365
2017-01-19,-0.0016670834375260846
2017-01-20,0.0018368539701094644
2017-01-23,0.0008334027835654734
2017-01-24,-0.000999250562078502
2017-01-25,0.01608735517212634
2017-01-26,0.00032813781788343377
2017-01-27,-0.0018041659832704893
2017-01-30,-0.0013144922773578038
2017-01-31,-0.0021388614675880158
2017-02-01,0.061417971970321616
2017-02-02,-0.0018640776699029304
2017-02-03,0.004357637537934833
2017-02-06,0.009452235221197869
2017-02-07,0.009363727070381467
2017-02-08,0.004030111778571932
2017-02-09,0.002802181157225192
2017-02-10,-0.0021901669058227435
2017-02-13,0.008855585831062607
2017-02-14,0.012904193863005453
2017-02-15,0.0037034293756017522
2017-02-16,-0.0012176223156962207
2017-02-17,0.002696811851195191
2017-02-21,0.007221280672021102
2017-02-22,0.0029994878923109702
2017-02-23,-0.004157549234135582
2017-02-24,0.0008056837325129962
2017-02-27,0.0021955503512880448
2017-02-28,0.0003651234117132418
2017-03-01,0.020439448134900173
2017-03-02,-0.0061520852707631635
2017-03-03,0.006046210321744683
2017-03-06,-0.003219575016098042
2017-03-07,0.0012202124605227294
2017-03-08,-0.0034411068893829277
2017-03-09,-0.002373929933098262
2017-03-10,0.0033890972021921595
2017-03-13,0.00028745957599696226
2017-03-14,-0.001508729075364701
2017-03-15,0.010577061447690328
2017-03-16,0.0017087931648274157
2017-03-17,-0.005544104058568533
2017-03-20,0.011292974054749605
2017-03-21,-0.011590925153721177
2017-03-22,0.01129781909188421
2017-03-23,-0.0036060241815740746
2017-03-24,-0.0020579051944364934
2017-03-27,0.0017777145701485253
2017-03-28,0.020797842135150457
2017-03-29,0.002433766775606694
2017-03-30,-0.0016648168701443034
2017-03-31,-0.0017370761534185597
2017-04-03,0.00020881186051369127
2017-04-04,0.007376478775226181
2017-04-05,-0.005111909367228384
2017-04-06,-0.002430218025274433
2017-04-07,-0.002296930465650382
2017-04-10,-0.0012557555462536785
2017-04-11,-0.01075719474713599
2017-04-12,0.0012003954243748893
2017-04-13,-0.005077932153184306
2017-04-17,0.005387396328064176
2017-04-18,-0.004300923640978782
2017-04-19,-0.003965443988103723
2017-04-20,0.012654628181430372
2017-04-21,-0.0011934849761302546
2017-04-24,0.009559288676460165
2017-04-25,0.006266100396853158
2017-04-26,-0.0060195115200997185
2017-04-27,0.0009049143811776794
2017-04-28,-0.0010431879824744916
2017-05-01,0.020328599275967862
2017-05-02,0.006209061135371119
2017-05-03,-0.0027802264867430315
2017-05-04,-0.0035359717122264156
2017-05-05,0.01651426231745612
2017-05-08,0.027188506981739913
2017-05-09,0.006339454937585698
2017-05-10,-0.004675931939212896
2017-05-11,0.004436904606551106
2017-05-12,0.014031440821099084
2017-05-15,-0.0026905829596411968
2017-05-16,-0.0013489208633093996
2017-05-17,-0.03389721489676467
2017-05-18,0.015379494007989436
2017-05-19,0.0035407514261360795
2017-05-22,0.00594576935641955
2017-05-23,-0.0010392309690828716
2017-05-24,-0.0032509752925877766
2017-05-25,0.003979125896933944
2017-05-26,-0.0020791371580793916
2017-05-30,0.000520867243961165
2017-05-31,-0.005856705928287798
2017-06-01,0.0026837729920796694
2017-06-02,0.014819166993079946
2017-06-05,-0.009778063686072591
2017-06-06,0.0033781589033974324
2017-06-07,0.005956620265458179
2017-06-08,-0.0028963120293493683
2017-06-09,-0.03840691970049048
2017-06-12,-0.02396455662213859
2017-06-13,0.00818431911966977
2017-06-14,-0.009755099256429589
2017-06-15,-0.005924497106640891
2017-06-16,-0.014206514206514309
2017-06-19,0.028752196836555388
2017-06-20,-0.009088424217575608
2017-06-21,0.005930625474105389
2017-06-22,-0.0016453006101323497
2017-06-23,0.00453203323491036
2017-06-26,-0.003349511244787662
2017-06-27,-0.013854595336076914
2017-06-28,0.014257894004729543
2017-06-29,-0.01481176712610588
2017-06-30,0.0025057423261642953
2017-07-03,-0.00367978893286125
2017-07-05,0.004111498257839852
2017-07-06,-0.009507946422374958
2017-07-07,0.010159753363228718
2017-07-10,0.00638135534438522
2017-07-11,0.0031704459301125087
2017-07-12,0.0015115080728271835
2017-07-13,0.01378884544144876
2017-07-14,0.008526187576126665
2017-07-17,0.0037573805689747886
2017-07-18,0.0032085561497328108
2017-07-19,0.0062633262260127776
2017-07-20,-0.004436498477022988
2017-07-21,-0.0003325573661455694
2017-07-24,0.012042581503659333
2017-07-25,0.004207481427913828
2017-07-26,0.004909983633387904
2017-07-27,-0.019218241042345152
2017-07-28,-0.007040850215875194
2017-07-31,-0.004816375677302864
2017-08-01,0.008603885191907024
2017-08-02,0.047317560813062265
2017-08-03,-0.01043588927776018
2017-08-04,0.005337277345508484
2017-08-07,0.01567097351925284
2017-08-08,0.008249889791548615
2017-08-09,0.006246096189881367
2017-08-10,-0.03587833643699567
2017-08-11,0.013971156322431177
2017-08-14,0.014540605752746183
2017-08-15,0.011641006383777519
2017-08-16,-0.0044543429844098315
2017-08-17,-0.019015659955257114
2017-08-18,-0.0022171544406437427
2017-08-21,-0.0022220811377055005
2017-08-22,0.016670908628149794
2017-08-23,0.001314307172362028
2017-08-24,-0.004250265641602691
2017-08-25,0.0034523884250832193
2017-08-28,0.010071312398348464
2017-08-29,0.00897999628413948
2017-08-30,0.002516572550945506
2017-08-31,0.00391844731525115
2017-09-01,0.00042690736110251315
2017-09-05,-0.011948305291392236
2017-09-06,-0.000987166831194597
2017-09-07,-0.0040143280632409795
2017-09-08,-0.016370062627891202
2017-09-11,0.018029376536594643
2017-09-12,-0.00396309369001191
2017-09-13,-0.007646875971401901
2017-09-14,-0.008457586768575331
2017-09-15,0.01017249004865084
2017-09-18,-0.007755816862647036
2017-09-19,0.0005042864346949116
2017-09-20,-0.016822076612903136
2017-09-21,-0.016917654597885412
2017-09-22,-0.010755491819307794
2017-09-25,-0.007907221929362107
2017-09-26,0.017667375132837337
2017-09-27,0.006396031849627892
2017-09-28,-0.006095979247730199
2017-09-29,0.004828396189481943
2017-10-02,-0.0012337662337662536
2017-10-03,0.00429100838697094
2017-10-04,-0.006473748948015778
2017-10-05,0.012575747703134299
2017-10-06,-0.0007078507078508434
2017-10-09,0.0034129692832765013
2017-10-10,0.0005134129123347542
2017-10-11,0.004105195638229642
2017-10-12,-0.003385716110898218
2017-10-13,0.006409845522722835
2017-10-16,0.01821540029297508
2017-10-17,0.003753049352599014
2017-10-18,-0.00436218607839467
2017-10-19,-0.023721599799712223
2017-10-20,0.0017309911527119137
2017-10-23,-0.000320000000000098
2017-10-24,0.00569782330345725
2017-10-25,-0.004328728754217415
2017-10-26,0.00645738763506154
2017-10-27,0.0356371490280778
2017-10-30,0.022633871066674915
2017-10-31,0.013975527831094015
2017-11-01,-0.012895593019816687
2017-11-02,0.00719122670342176
2017-11-03,0.026239067055393583
2017-11-06,0.010667903525046318
2017-11-07,0.002696190913263008
2017-11-08,0.008295669088620672
2017-11-09,-0.002099409895596982
2017-11-10,-0.0068800818786604045
2017-11-13,-0.0038932783694034523
2017-11-14,-0.015174157949189526
2017-11-15,-0.013131784755456954
2017-11-16,0.01188716068365947
2017-11-17,-0.005786090005844402
2017-11-20,-0.000705425900887735
2017-11-21,0.018471674804400262
2017-11-22,0.01045457170912023
2017-11-24,0.00011432491139817813
2017-11-27,-0.005029721079103822
2017-11-28,-0.006204044117647078
2017-11-29,-0.020289017341040383
2017-11-30,0.013334120007080008
2017-12-01,-0.004366812227074246
2017-12-04,-0.007251461988304175
2017-12-05,-0.0006479736098019551
2017-12-06,-0.0035366931918655586
2017-12-07,0.0016563146997929934
2017-12-08,0.00017716884190632776
2017-12-11,0.019485120453471838
2017-12-12,-0.005386308351673863
2017-12-13,0.0033773947475690402
2017-12-14,-0.000522314433288873
2017-12-15,0.009638834049471523
2017-12-18,0.014665286404417
2017-12-19,-0.010769143569687722
2017-12-20,-0.0009740445768634531
2017-12-21,0.003727919247533684
2017-12-22,0.00022855836809343444
2017-12-26,-0.02559268780348478
2017-12-27,5.862695667468998e-05
2017-12-28,0.0028725524680499603
2017-12-29,-0.010346641725609285
2018-01-02,0.017483756645008786
2018-01-03,-0.0004644142575176424
2018-01-04,0.0048786154024857975
2018-01-05,0.01121257658074204
2018-01-08,-0.003543667123914074
2018-01-09,-5.735918320515232e-05
2018-01-10,-0.0004875810244938661
2018-01-11,0.005882521736635171
2018-01-12,0.009870485536600526
2018-01-16,-0.004519774011299549
2018-01-17,0.016458569807037415
2018-01-18,0.0009491903964267134
2018-01-19,-0.00457410609694886
2018-01-22,-0.008069487251330942
2018-01-23,-0.0002824699169537981
2018-01-24,-0.015483725135623905
2018-01-25,-0.017908391688669534
2018-01-26,0.002045587375803626
2018-01-29,-0.020355788859725776
2018-01-30,-0.005953798523458009
2018-01-31,0.0030546238620028365
2018-02-01,0.0013733803069206907
2018-02-02,-0.04347048300536671
2018-02-05,-0.024437379215759503
2018-02-06,0.04198351332353489
2018-02-07,-0.021709800073592467
2018-02-08,-0.027331995987963986
2018-02-09,0.006831657643722622
2018-02-12,0.04180002560491625
2018-02-13,0.009800921658986272
2018-02-14,0.018344933922581186
2018-02-15,0.03369980879541101
2018-02-16,-0.0031791907514451268
2018-02-20,-0.0034792693534357877
2018-02-21,-0.004887983706720944
2018-02-22,0.00935617800128652
2018-02-23,0.017090550953015482
2018-02-26,0.01948051948051943
2018-02-27,-0.003575818527209673
2018-02-28,-0.0011775260737916238
2018-03-01,-0.01785213046651324
2018-03-02,0.00760217204915703
2018-03-05,0.003120036305876983
2018-03-06,-0.0008482723519764868
2018-03-07,-0.009395517319447544
2018-03-08,0.011027311164438336
2018-03-09,0.017010454930771468
2018-03-12,0.00983551900422297
2018-03-13,-0.009794750453970158
2018-03-14,-0.008141150319533108
2018-03-15,0.0009244474325573737
2018-03-16,-0.004254128183599271
2018-03-19,-0.014447130249030216
2018-03-20,-0.0003992699064567784
2018-03-21,-0.02271041369472182
2018-03-22,-0.014713610089332696
2018-03-23,-0.02245925925925918
2018-03-26,0.04728419010669249
2018-03-27,-0.025526742301458683
2018-03-28,-0.011107811107811116
2018-03-29,0.008589620374819917
2018-04-02,-0.007325352867607604
2018-04-03,0.010259179265658558
2018-04-04,0.01894411782172356
2018-04-05,0.006993822123790627
2018-04-06,-0.025639541613612704
2018-04-09,0.01015741015741023
2018-04-10,0.01875808538163004
2018-04-11,-0.004675324675324721
2018-04-12,0.009974483878450568
2018-04-13,0.003272852549379923
2018-04-16,0.0062381960739426034
2018-04-17,0.01376407689682635
2018-04-18,-0.002244165170556589
2018-04-19,-0.028340080971659853
2018-04-20,-0.0409722222222223
2018-04-23,-0.002836109099686235
2018-04-24,-0.013978819969742817
2018-04-25,0.005103719160427289
2018-04-26,0.0027379594508449845
2018-04-27,-0.011508951406649537
2018-04-30,0.018049651943571554
2018-05-01,0.0226310056880068
2018-05-02,0.0450887573964498
2018-05-03,0.0016419431547955998
2018-05-04,0.03911593465603991
2018-05-07,0.006908556818799871
2018-05-08,0.005078336034575859
2018-05-09,0.006450225757901551
2018-05-10,0.01490066225165565
2018-05-11,-0.007577750881439749
2018-05-14,-0.0022270533962565064
2018-05-15,-0.00919381410426734
2018-05-16,0.00938639776871919
2018-05-17,-0.006376534353578767
2018-05-18,-0.0037435156960266003
2018-05-21,0.007085726555370764
2018-05-22,-0.0015990618836949633
2018-05-23,0.0060861673162135865
2018-05-24,-0.0012735473600423708
2018-05-25,0.00196588916635676
2018-05-29,-0.0038180082723512365
2018-05-30,-0.0019163206643245667
2018-05-31,-0.00330666666666668
2018-06-01,0.017925941780821963
2018-06-04,0.008305735162697836
2018-06-05,0.007820238777957345
2018-06-06,0.003828048212715318
2018-06-07,-0.0029373872713219784
2018-06-08,-0.01033698573495967
2018-06-11,-0.0011489450595362216
2018-06-12,0.005176199937258152
2018-06-13,-0.00801040312093626
2018-06-14,0.0005243563525771933
2018-06-15,-0.009905141239976989
2018-06-18,-0.0008469193309337264
2018-06-19,-0.015840220385674786
2018-06-20,0.003929590353663137
2018-06-21,-0.005522788203753404
2018-06-22,-0.0029654391545803627
2018-06-25,-0.014817218256543252
2018-06-26,0.012405313426281595
2018-06-27,-0.0014909997831273891
2018-06-28,0.007303233513425544
2018-06-29,-0.014015416958654492
2018-07-02,0.023180799300202226
2018-07-03,-0.01875500935078822
2018-07-05,0.009475059899803906
2018-07-06,0.014025245441795287
2018-07-09,0.013990850090435325
2018-07-10,-0.0013640417606631816
2018-07-11,-0.012713422642500638
2018-07-12,0.016548714947054677
2018-07-13,0.0015180067001676623
2018-07-16,-0.0021428944755136348
2018-07-17,0.00288078776450873
2018-07-18,-0.005588342821329695
2018-07-19,0.00824579831932759
2018-07-20,-0.0015627441787779972
2018-07-23,-0.00036521103980802216
2018-07-24,0.007254697286012579
2018-07-25,0.009482356598787378
2018-07-26,-0.003028436505492227
2018-07-27,-0.01673273953560217
2018-07-30,-0.005445596397528507
2018-07-31,0.0033694851005581228
2018-08-01,0.05792842900619166
2018-08-02,0.028568594385477653
2018-08-03,0.002893239463786168
2018-08-06,0.005192807000673261
2018-08-07,-0.009327465799292
2018-08-08,0.0006759692916806781
2018-08-09,0.007913148371532008
2018-08-10,-0.006414859495428082
2018-08-13,0.00631173211274394
2018-08-14,0.0043091065785691995
2018-08-15,0.0025743707093821566
2018-08-16,0.015121255349500595
2018-08-17,0.01934607457373061
2018-08-20,-0.009926014429484042
2018-08-21,-0.0018101647714086067
2018-08-22,0.0
2018-08-23,0.0024179298800335314
2018-08-24,0.0025976435661934083
2018-08-27,0.008559267141667437
2018-08-28,0.007890270195880511
2018-08-29,0.014883255200036416
2018-08-30,0.009373037940622497
2018-08-31,0.010841071666592539
2018-09-04,0.003736099512109403
2018-09-05,-0.006524785426519575
2018-09-06,-0.016529289901705768
2018-09-07,-0.007619218357834412
2018-09-10,-0.013909312618552883
2018-09-11,0.025280731628898323
2018-09-12,-0.01250781738586626
2018-09-13,0.024156337645887982
2018-09-14,-0.012190812720848099
2018-09-17,-0.025710964049365015
2018-09-18,0.0016063151131304743
2018-09-19,0.000458211143695042
2018-09-20,0.007786021800860965
2018-09-21,-0.010838938374840845
2018-09-24,0.01440352851990534
2018-09-25,0.0063408668870872376
2018-09-26,-0.007561096358972064
2018-09-27,0.020770033105074637
2018-09-28,0.002976587142920595
2018-10-01,0.006688518781006403
2018-10-02,0.008888106657279904
2018-10-03,0.012255222643813513
2018-10-04,-0.017707884532529028
2018-10-05,-0.016360366682749317
2018-10-08,-0.0022295549808257764
2018-10-09,0.013898820164462089
2018-10-10,-0.04619385551196731
2018-10-11,-0.008965294144831049
2018-10-12,0.035719281883889176
2018-10-15,-0.021745981720769025
2018-10-16,0.022321428571428603
2018-10-17,-0.0041867374960609105
2018-10-18,-0.022965641952983673
2018-10-19,0.014714047751249293
2018-10-22,0.00588235294117645
2018-10-23,0.010471916224670252
2018-10-24,-0.03517272319425757
2018-10-25,0.022272854087231453
2018-10-26,-0.017375483284057247
2018-10-29,-0.016108873767532228
2018-10-30,0.003669724770642313
2018-10-31,0.02540664697885897
2018-11-01,0.015085714285714369
2018-11-02,-0.07165052916009917
2018-11-05,-0.022072377995536963
2018-11-06,0.010863634108834841
2018-11-07,0.03008146039846893
2018-11-08,-0.00676480396360335
2018-11-09,-0.019281500311765565
2018-11-12,-0.05022741722502089
2018-11-13,-0.01014418125643668
2018-11-14,-0.028455496020392212
2018-11-15,0.02538016705932744
2018-11-16,0.010861618798955641
2018-11-19,-0.03993181113751432
2018-11-20,-0.047565240785579777
2018-11-21,-0.0010733856844246104
2018-11-23,-0.02584549259133584
2018-11-26,0.013526850507982635
2018-11-27,-0.0019188910528125103
2018-11-28,0.03853769118195638
2018-11-29,-0.007791777188328908
2018-11-30,-0.005291005291005346
2018-12-03,0.0354423292273236
2018-12-04,-0.044665549126696735
2018-12-06,-0.010754514065772214
2018-12-07,-0.036562339074211914
2018-12-10,0.007304905570733045
2018-12-11,-0.005542126053888485
2018-12-12,0.00219363253690652
2018-12-13,0.010530052058684403
2018-12-14,-0.03172930570190835
2018-12-17,-0.008645707376058076
2018-12-18,0.011587485515643037
2018-12-19,-0.03080725869656964
2018-12-20,-0.024384175167952105
2018-12-21,-0.03819178780923238
2018-12-24,-0.028041100430891586
2018-12-26,0.07202291638248526
2018-12-27,-0.00674386054205367
2018-12-28,-0.0003202664616962503
2018-12-31,0.004036650221054705
2019-01-02,0.005248883216337097
2019-01-03,-0.09670047136123416
2019-01-04,0.04097266146602019
2019-01-07,-0.0014177693761815435
2019-01-08,0.01838956121966051
2019-01-09,0.018190267542986138
2019-01-10,0.001173632392253987
2019-01-11,-0.009746662324975564
2019-01-14,-0.015082859048202946
2019-01-15,0.02130074786324787
2019-01-16,0.012814645308924622
2019-01-17,0.004002323930023977
2019-01-18,0.006686812833536893
2019-01-22,-0.023248387302803764
2019-01-23,0.004903550644085541
2019-01-24,-0.006831732711955252
2019-01-25,0.03190722662648238
2019-01-28,-0.008966349206349311
2019-01-29,-0.010172479847880389
2019-01-30,0.07113268608414236
2019-01-31,0.006857816182246568
2019-02-01,-2.940736948675582e-05
2019-02-04,0.0262273436562237
2019-02-05,0.017661851570267117
2019-02-06,0.0009189127061663971
2019-02-07,-0.02026699217258565
2019-02-08,-0.0035161744022502717
2019-02-11,-0.003587391202069967
2019-02-12,0.007722363217848027
2019-02-13,-0.0044418830210428695
2019-02-14,0.005883045064125181
2019-02-15,-0.004269505205287127
2019-02-19,0.003523641703377267
2019-02-20,0.007258418061702132
2019-02-21,-0.005520367249695068
2019-02-22,0.010692999883136656
2019-02-25,0.0074579406833554795
2019-02-26,0.0005164696430621785
2019-02-27,0.0030398623458560703
2019-02-28,-0.009606587374199504
2019-03-01,0.010219399538106355
2019-03-04,0.005086586271932481
2019-03-05,-0.0019902194927784445
2019-03-06,-0.005697681043815184
2019-03-07,-0.01168987450575898
2019-03-08,0.0026091494172899576
2019-03-11,0.03504510756419155
2019-03-12,0.010950944239579874
2019-03-13,0.004310821266718223
2019-03-14,0.011060972925379664
2019-03-15,0.013498067816905435
2019-03-18,0.009773911175554373
2019-03-19,-0.007924267404137653
2019-03-20,0.008738072263321461
2019-03-21,0.03656268268055496
2019-03-22,-0.020456293258139024
2019-03-25,-0.011985763634460356
2019-03-26,-0.010488954812735152
2019-03-27,0.00899405749772475
2019-03-28,0.001273412214145564
2019-03-29,0.006517937576175026
2019-04-01,0.006844266610508631
2019-04-02,0.014641288433381972
2019-04-03,0.006751185322613873
2019-04-04,0.0018940363450217212
2019-04-05,0.006386674841610374
2019-04-08,0.01578920647814397
2019-04-09,-0.0028988404638145004
2019-04-10,0.005814536340852161
2019-04-11,-0.008521877803249311
2019-04-12,-0.0003518471977883575
2019-04-15,0.0017598551890587455
2019-04-16,0.00010038648797872085
2019-04-17,0.019422835633626123
2019-04-18,0.0036431666010241504
2019-04-22,0.003826155204551984
2019-04-23,0.014024628616106316
2019-04-24,-0.0015902848055514562
2019-04-25,-0.009363838208321207
2019-04-26,-0.0046287273435978715
2019-04-29,0.001566400704880344
2019-04-30,-0.019744880504374285
2019-05-01,0.04960861544597894
2019-05-02,-0.0064126923807715785
2019-05-03,0.012477888798585024
2019-05-06,-0.015015582207951628
2019-05-07,-0.027516778523489882
2019-05-08,0.00019718032140381148
2019-05-09,-0.010744208969935998
2019-05-10,-0.017038660821044216
2019-05-13,-0.05869234668018253
2019-05-14,0.01577643764807246
2019-05-15,0.012032865094089518
2019-05-16,-0.004085480829666865
2019-05-17,-0.006100767855264477
2019-05-20,-0.031167319293046836
2019-05-21,0.01911628161013712
2019-05-22,-0.02036550726191122
2019-05-23,-0.01706876743804364
2019-05-24,-0.00339511326320463
2019-05-28,-0.004970400982910794
2019-05-29,-0.0046023460739742506
2019-05-30,0.00507471102340018
2019-05-31,-0.018232819074333828
2019-06-03,-0.009828571428571409
2019-06-04,0.036876731301938914
2019-06-05,0.015979295374853875
2019-06-06,0.014730937159323165
2019-06-07,0.026507585164390113
2019-06-10,0.012517092668560048
2019-06-11,0.011894868065655428
2019-06-12,-0.0031825881628253505
2019-06-13,0.002832277666203309
2019-06-14,-0.010244428468727529
2019-06-17,0.006251783444447323
2019-06-18,0.023459654550141762
2019-06-19,-0.003224181360201417
2019-06-20,0.007679167087839778
2019-06-21,-0.0029060173719049898
2019-06-24,-0.0012575452716298008
2019-06-25,-0.015008813900780793
2019-06-26,0.021629084215370575
2019-06-27,-0.00035035035035047013
2019-06-28,-0.009062234015921544
2019-07-01,0.018997574777688042
2019-07-02,0.005107100357001126
2019-07-03,0.008386364757535292
2019-07-05,-0.0007827405704221579
2019-07-08,-0.02075887392900866
2019-07-09,0.006049697515124297
2019-07-10,0.009889672994732202
2019-07-11,-0.007233895969686488
2019-07-12,0.0074353127788242546
2019-07-15,0.009643770911237803
2019-07-16,-0.0034600389863547187
2019-07-17,-0.00591715976331364
2019-07-18,0.011707988980716122
2019-07-19,-0.015024798210638957
2019-07-22,0.022955027891593094
2019-07-23,0.007745391371489108
2019-07-24,-0.0007422482940261377
2019-07-25,-0.0077634542579191335
2019-07-26,0.0033808258874667985
2019-07-29,0.009241877256317643
2019-07-30,-0.0037487480326227063
2019-07-31,0.018651500354263773
2019-08-01,-0.02030500986934869
2019-08-02,-0.020960906075280783
2019-08-05,-0.053260816306531455
2019-08-06,0.019459683262602168
2019-08-07,0.010965580261955488
2019-08-08,0.021643065180275256
2019-08-09,-0.01238633570901937
2019-08-12,-0.002140048773204617
2019-08-13,0.04229426433915218
2019-08-14,-0.02981146521198197
2019-08-15,-0.0049815043156595795
2019-08-16,0.023297313373649153
2019-08-19,0.018891687657430767
2019-08-20,4.754207473611771e-05
2019-08-21,0.010934157356786267
2019-08-22,-0.00094051257935579
2019-08-23,-0.04622264062132264
2019-08-26,0.01959236045995172
2019-08-27,-0.011907066795740606
2019-08-28,0.0067600666209466365
2019-08-29,0.017419229272090275
2019-08-30,-0.0017216642754661615
2019-09-03,-0.014587525150905556
2019-09-04,0.017282870269087702
2019-09-05,0.019211469534050174
2019-09-06,0.0
2019-09-09,0.004126224973038939
2019-09-10,0.012234415129582121
2019-09-11,0.0314480786086635
2019-09-12,-0.0022228483766945084
2019-09-13,-0.01922990721233575
2019-09-16,0.005027422303473417
2019-09-17,0.003410641200545683
2019-09-18,0.009607976433265275
2019-09-19,-0.008169861291915548
2019-09-20,-0.014754469336954013
2019-09-23,0.004547751389590848
2019-09-24,-0.004572891896835518
2019-09-25,0.015205806688717294
2019-09-26,-0.004977600796416182
2019-09-27,-0.004729637546045717
2019-09-30,0.023440712816998
2019-10-01,0.0026788106080901652
2019-10-02,-0.025024490159408663
2019-10-03,0.008449031786627703
2019-10-04,0.028078438476518253
2019-10-07,0.00022025461433416993
2019-10-08,-0.011759006430018593
2019-10-09,0.011631534382102737
2019-10-10,0.01361233480176205
2019-10-11,0.026641748880872784
2019-10-14,-0.001397002794005675
2019-10-15,-0.002416380516342298
2019-10-16,-0.003952065272819993
2019-10-17,0.0038397542557275788
2019-10-18,0.004207573632538653
2019-10-21,0.017987133908921704
2019-10-22,-0.0023281919095331505
2019-10-23,0.013209984581405987
2019-10-24,0.0018919141235502757
2019-10-25,0.012233169129720833
2019-10-28,0.009976478222077922
2019-10-29,-0.023088660456151655
2019-10-30,0.0
2019-10-31,0.02281228163919602
2019-11-01,0.028130525638964787
2019-11-04,0.0064102564102563875
2019-11-05,-0.0012816529439181323
2019-11-06,0.00034999027804794025
2019-11-07,0.008785569895817025
2019-11-08,0.002466281310211871
2019-11-11,0.007918812946874798
2019-11-12,-0.0008390541571318133
2019-11-13,0.009504542331475685
2019-11-14,-0.00673044201610784
2019-11-15,0.011648711408885015
2019-11-18,0.0051552210724366
2019-11-19,-0.003107217729859224
2019-11-20,-0.011528784407976223
2019-11-21,-0.004596915128029955
2019-11-22,-0.00064883019732076
2019-11-25,0.01749159792239552
2019-11-26,-0.008708054950829491
2019-11-27,0.014388110564180101
2019-11-29,-0.00268719771825221
2019-12-02,-0.011565236918931188
2019-12-03,-0.017304706728766717
2019-12-04,0.008554254007398399
2019-12-05,0.014671047604492893
2019-12-06,0.019278560132540035
2019-12-09,-0.01396379756187649
2019-12-10,0.006368949497976839
2019-12-11,0.007892189710371644
2019-12-12,0.0026593780010339962
2019-12-13,0.013998379135047534
2019-12-16,0.016711472789362913
2019-12-17,0.002001000500250205
2019-12-18,-0.0025319164110977344
2019-12-19,0.0011440420435451237
2019-12-20,-0.0026782844695211194
2019-12-23,0.01679318246920669
2019-12-24,0.001078282917209572
2019-12-26,0.019818050192031533
2019-12-27,-0.0002759477079095074
2019-12-30,0.006269192285132785
2019-12-31,0.005907826927758597
2020-01-02,0.024576473395371057
2020-01-03,-0.010646084237141529
2020-01-06,0.008070482211312013
2020-01-07,-0.005037027153245721
2020-01-08,0.016361015187581707
2020-01-09,0.0216394524162955
2020-01-10,0.0021310257983275793
2020-01-13,0.021264941843606167
2020-01-14,-0.013502855159794436
2020-01-15,-0.003805686142825171
2020-01-16,0.012295345104333721
2020-01-17,0.010592078140361005
2020-01-21,-0.006652650076882094
2020-01-22,0.0036329173906175516
2020-01-23,0.005004406672961981
2020-01-24,-0.003006358798070319
2020-01-27,-0.02943486319228472
2020-01-28,0.02848265147591933
2020-01-29,0.020644511581067393
2020-01-30,-0.0013684015786877834
2020-01-31,-0.04491284015312025
2020-02-03,-0.0020043319432321294
2020-02-04,0.032878753522723736
2020-02-05,0.008530389512638736
2020-02-06,0.011288015423844833
2020-02-07,-0.015897420128532236
2020-02-10,0.004686914135733078
2020-02-11,-0.006002363625054463
2020-02-12,0.023747692500234674
2020-02-13,-0.00699877750611233
2020-02-14,9.233326151858456e-05
2020-02-18,-0.018280297901150933
2020-02-19,0.014482758620689706
2020-02-20,-0.010258945677028564
2020-02-21,-0.02269747112082432
2020-02-24,-0.04747148835574855
2020-02-25,-0.03383975584398169
2020-02-26,0.016002499305748374
2020-02-27,-0.0671358775496258
2020-02-28,0.005859947260474563
2020-03-02,0.08804252840081572
2020-03-03,-0.03182517903754767
2020-03-04,0.04648992430265109
2020-03-05,-0.032500990883868375
2020-03-06,-0.01345077154171792
2020-03-09,-0.07920963388469804
2020-03-10,0.07365928821075585
2020-03-11,-0.03636809128775942
2020-03-12,-0.09916454776607342
2020-03-13,0.12120967741935496
2020-03-16,-0.13159030425088114
2020-03-17,0.04712800761999425
2020-03-18,-0.015226418825390553
2020-03-19,-0.01694779116465861
2020-03-20,-0.06552822943050896
2020-03-23,-0.02321412957943514
2020-03-24,0.1049545719017142
2020-03-25,-0.005731529488010367
2020-03-26,0.053021815737477995
2020-03-27,-0.04201485608170852
2020-03-30,0.028955657862854256
2020-03-31,-0.0019231524000156153
2020-04-01,-0.05324419976405825
2020-04-02,0.017320152849310544
2020-04-03,-0.014289797084881428
2020-04-06,0.08638114567369426
2020-04-07,-0.011056674990945092
2020-04-08,0.025656842145845182
2020-04-09,0.007216959855660621
2020-04-13,0.019667114494700932
2020-04-14,0.05065329575815247
2020-04-15,-0.009126693837739897
2020-04-16,0.007980312884514174
2020-04-17,-0.013881138392857206
2020-04-20,-0.020831859659050656
2020-04-21,-0.03066642586238033
2020-04-22,0.028804590848114264
2020-04-23,-0.004418848926074692
2020-04-24,0.02939571433768684
2020-04-27,0.0010602579961125347
2020-04-28,-0.01652250661959398
2020-04-29,0.03324119610869802
2020-04-30,0.021401521731577722
2020-05-01,-0.01673526310418727
2020-05-04,0.014183415781644726
2020-05-05,0.015724664870211624
2020-05-06,0.009134260192088295
2020-05-07,0.010815307820299491
2020-05-08,0.02106469135802458
2020-05-11,0.01565895551935781
2020-05-12,-0.01109506198314314
2020-05-13,-0.012294950402876315
2020-05-14,0.006565262610504385
2020-05-15,-0.006328705198579199
2020-05-18,0.02323389874569437
2020-05-19,-0.005970338848486745
2020-05-20,0.019647934570780512
2020-05-21,-0.006642436395538298
2020-05-22,0.005835225839010638
2020-05-26,-0.006428549029445896
2020-05-27,0.003913647266759357
2020-05-28,0.00022007042253524567
2020-05-29,0.00191733459060206
2020-06-01,0.009411469444095877
2020-06-02,0.005159124813525651
2020-06-03,0.005163564405416876
2020-06-04,-0.00873604232674019
2020-06-05,0.028828549262994718
2020-06-08,0.005731435120950756
2020-06-09,0.03262893916210463
2020-06-10,0.02457016728624528
2020-06-11,-0.047338284483247284
2020-06-12,0.004686384194239501
2020-06-15,0.015800151041743815
2020-06-16,0.027027027027026973
2020-06-17,-0.002884800999261805
2020-06-18,0.0009856401735772735
2020-06-19,-0.005802212804687179
2020-06-22,0.02683450150193112
2020-06-23,0.020728275708355337
2020-06-24,-0.017223025902775912
2020-06-25,0.01338665777925896
2020-06-26,-0.030667616750712612
2020-06-29,0.02349515112103817
2020-06-30,0.007182320441988965
2020-07-01,-0.0016182117388919837
2020-07-02,0.0003021895002885966
2020-07-06,0.026612105899154193
2020-07-07,-0.0031299323185576267
2020-07-08,0.02361528553027048
2020-07-09,0.0031981438758388325
2020-07-10,0.002247687829323164
2020-07-13,-0.004197955778055817
2020-07-14,0.016496033096802698
2020-07-15,0.006954998583241112
2020-07-16,-0.013276713309969046
2020-07-17,-0.001477755885098131
2020-07-20,0.021498117616513213
2020-07-21,-0.013801692804310872
2020-07-22,0.002809278350515365
2020-07-23,-0.045053843583746644
2020-07-24,-0.003068145117881338
2020-07-27,0.023743318395334834
2020-07-28,-0.016283638569149272
2020-07-29,0.01938129959253687
2020-07-30,0.012122965261524676
2020-07-31,0.10473394304718364
2020-08-03,0.024624285613490393
2020-08-04,0.007230409034568286
2020-08-05,0.003484423782502688
2020-08-06,0.03529326269079047
2020-08-07,-0.025160129858734726
2020-08-10,0.01469363875700358
2020-08-11,-0.029782232669534725
2020-08-12,0.03366780187881435
2020-08-13,0.01722536706173705
2020-08-14,-0.0005434428189465823
2020-08-17,-0.0030231850015224326
2020-08-18,0.008049913828835686
2020-08-19,0.0016122749307478923
2020-08-20,0.021617241938097553
2020-08-21,0.051963707886555355
2020-08-24,0.012846803377563498
2020-08-25,-0.00889259413644583
2020-08-26,0.013779015040756182
2020-08-27,-0.0121495880993302
2020-08-28,-0.0024198064154867804
2020-08-31,-0.7416955676282502
2020-09-01,0.04152114862242917
2020-09-02,-0.022205663189269642
2020-09-03,-0.07849413199207433
2020-09-04,-0.00016539861065167916
2020-09-08,-0.06674937965260552
2020-09-09,0.038553576176548976
2020-09-10,-0.031575354155999324
2020-09-11,-0.012953824462460295
2020-09-14,0.02990715114721887
2020-09-15,0.0016478863105811037
2020-09-16,-0.029597576806577264
2020-09-17,-0.016141978061179008
2020-09-18,-0.0337200870195794
2020-09-21,0.03311444652908069
2020-09-22,0.015163897212385313
2020-09-23,-0.04087656529516992
2020-09-24,0.009059964562156075
2020-09-25,0.03769356247371802
2020-09-28,0.024225151407196277
2020-09-29,-0.007739130434782582
2020-09-30,0.013145210761545956
2020-10-01,0.010293227229478452
2020-10-02,-0.03236301369863015
2020-10-05,0.031144930100867274
2020-10-06,-0.029002917453235022
2020-10-07,0.016702014846235347
2020-10-08,-0.0006953498478922127
2020-10-09,0.01748282160563619
2020-10-12,0.0636006154898272
2020-10-13,-0.02708567754380331
2020-10-14,0.0019826517967782564
2020-10-15,-0.004490889603429804
2020-10-16,-0.014785668676130737
2020-10-19,-0.024882313382649568
2020-10-20,0.012931034482758674
2020-10-21,-0.005446808510638279
2020-10-22,-0.00929573849050136
2020-10-23,-0.006337363321721634
2020-10-26,0.00017385257301794077
2020-10-27,0.01277594298626794
2020-10-28,-0.046168368660430725
2020-10-29,0.030319388214125054
2020-10-30,-0.0490743974851553
2020-11-02,-0.0011937557392103226
2020-11-03,0.014755906959639686
2020-11-04,0.04135900339750842
2020-11-05,0.03523577518705401
2020-11-06,-0.0025632406084544757
2020-11-09,-0.019926696718203685
