,TSLA,TSLA,TSLA,TSLA,TSLA
,open,high,low,close,volume
time,,,,,
2016-08-29 00:00:00-04:00,220.15,220.4,215.0,215.2,2698396
2016-08-30 00:00:00-04:00,215.31,216.11,210.52,211.34,2533617
2016-08-31 00:00:00-04:00,211.31,212.6,208.65,211.95,2217048
2016-09-01 00:00:00-04:00,209.01,211.0999,200.5,200.77,6685294
2016-09-02 00:00:00-04:00,203.0,203.2,196.2,197.78,4832382
2016-09-06 00:00:00-04:00,199.02,203.25,199.0,202.82,3442023
2016-09-07 00:00:00-04:00,205.5,206.4968,200.71,201.7,2614992
2016-09-08 00:00:00-04:00,199.73,199.89,196.36,197.49,2614970
2016-09-09 00:00:00-04:00,198.61,199.92,193.7,194.47,3031990
2016-09-12 00:00:00-04:00,195.39,201.369,194.1,198.28,2873818
2016-09-13 00:00:00-04:00,197.06,198.49,193.45,196.05,2916758
2016-09-14 00:00:00-04:00,195.99,197.9248,194.8562,196.49,1567008
2016-09-15 00:00:00-04:00,196.48,202.5193,196.4,200.24,2185735
2016-09-16 00:00:00-04:00,200.15,205.7,199.0,205.4,2161229
2016-09-19 00:00:00-04:00,207.0,209.43,205.0,206.34,1830197
2016-09-20 00:00:00-04:00,206.85,207.75,203.91,204.52,1629068
2016-09-21 00:00:00-04:00,206.24,207.0,201.56,205.2,2030694
2016-09-22 00:00:00-04:00,206.4,207.28,203.0,206.28,1907075
2016-09-23 00:00:00-04:00,205.99,210.18,205.67,207.45,2136818
2016-09-26 00:00:00-04:00,206.5,211.0,206.5,209.03,1658334
2016-09-27 00:00:00-04:00,209.65,209.9818,204.6093,205.89,2295358
2016-09-28 00:00:00-04:00,207.58,208.25,205.26,206.27,1353461
2016-09-29 00:00:00-04:00,205.6,207.33,200.58,200.7,2182820
2016-09-30 00:00:00-04:00,202.42,204.98,199.55,204.01,1963389
2016-10-03 00:00:00-04:00,212.3,215.6688,208.25,213.6575,5086498
2016-10-04 00:00:00-04:00,213.1,213.32,208.82,211.4,2967767
2016-10-05 00:00:00-04:00,212.24,213.15,208.12,208.45,1539157
2016-10-06 00:00:00-04:00,202.46,204.2099,200.21,201.09,3888771
2016-10-07 00:00:00-04:00,201.0,201.32,195.8,196.59,2877131
2016-10-10 00:00:00-04:00,201.35,204.14,199.66,200.92,2753023
2016-10-11 00:00:00-04:00,201.85,202.2,198.31,200.06,1935879
2016-10-12 00:00:00-04:00,200.95,203.88,200.42,201.5,1623741
2016-10-13 00:00:00-04:00,200.5,200.895,197.05,200.215,1812418
2016-10-14 00:00:00-04:00,200.66,201.43,196.3,196.51,3144844
2016-10-17 00:00:00-04:00,197.05,198.39,192.0,194.08,3265028
2016-10-18 00:00:00-04:00,195.99,199.47,193.26,199.1,4446415
2016-10-19 00:00:00-04:00,199.74,206.66,198.06,203.66,5548344
2016-10-20 00:00:00-04:00,202.12,203.0,197.05,199.12,4164688
2016-10-21 00:00:00-04:00,198.6,201.57,197.41,200.09,2189476
2016-10-24 00:00:00-04:00,201.0,203.9452,200.25,202.76,2269753
2016-10-25 00:00:00-04:00,202.9,204.69,201.2,202.37,1862938
2016-10-26 00:00:00-04:00,201.0,203.19,200.1,202.34,2623373
2016-10-27 00:00:00-04:00,211.34,213.7,201.65,204.01,11240917
2016-10-28 00:00:00-04:00,204.0,205.32,199.83,200.08,3694654
2016-10-31 00:00:00-04:00,202.49,202.49,195.81,197.72,3630341
2016-11-01 00:00:00-04:00,198.04,198.5,188.105,190.82,5760928
2016-11-02 00:00:00-04:00,190.05,192.6951,187.505,188.03,3498961
2016-11-03 00:00:00-04:00,189.01,191.47,187.0401,187.42,2113497
2016-11-04 00:00:00-04:00,189.0,193.46,185.96,190.56,4269185
2016-11-07 00:00:00-05:00,193.59,194.29,190.05,193.19,3219145
2016-11-08 00:00:00-05:00,193.51,197.49,191.26,194.93,2699201
2016-11-09 00:00:00-05:00,186.94,192.0,183.95,190.07,6623183
2016-11-10 00:00:00-05:00,191.05,191.61,180.42,185.35,5556171
2016-11-11 00:00:00-05:00,184.24,188.88,183.0,188.57,3375200
2016-11-14 00:00:00-05:00,188.0,188.25,178.19,181.42,5560643
2016-11-15 00:00:00-05:00,182.78,186.43,182.05,183.77,3302754
2016-11-16 00:00:00-05:00,182.65,184.73,181.21,183.93,2699732
2016-11-17 00:00:00-05:00,183.49,189.49,182.1101,188.73,3527119
2016-11-18 00:00:00-05:00,190.63,193.0,185.0,185.02,4366508
2016-11-21 00:00:00-05:00,185.04,188.89,184.41,184.7,3268089
2016-11-22 00:00:00-05:00,185.84,191.47,183.71,191.16,4600001
2016-11-23 00:00:00-05:00,190.61,195.644,189.0,193.2013,4062465
2016-11-25 00:00:00-05:00,193.64,197.2372,193.64,196.5455,1974473
2016-11-28 00:00:00-05:00,195.48,199.35,194.55,196.12,3801913
2016-11-29 00:00:00-05:00,195.56,196.73,189.5,189.57,3721885
2016-11-30 00:00:00-05:00,191.0,191.89,187.5,189.39,2834260
2016-12-01 00:00:00-05:00,188.25,188.53,181.0,181.87,4253608
2016-12-02 00:00:00-05:00,182.88,184.88,180.0,181.45,3307965
2016-12-05 00:00:00-05:00,182.51,188.89,182.51,186.71,3288285
2016-12-06 00:00:00-05:00,185.52,186.58,182.6825,185.83,2863731
2016-12-07 00:00:00-05:00,186.19,193.4,185.0,193.14,4597789
2016-12-08 00:00:00-05:00,192.05,192.5,189.54,192.28,2639562
2016-12-09 00:00:00-05:00,190.87,193.836,190.81,192.18,2166361
2016-12-12 00:00:00-05:00,192.8,194.42,191.04,192.42,2023870
2016-12-13 00:00:00-05:00,193.18,201.28,193.0,198.15,5822131
2016-12-14 00:00:00-05:00,198.74,203.0,196.76,198.69,3567950
2016-12-15 00:00:00-05:00,198.41,200.74,197.39,197.58,2684751
2016-12-16 00:00:00-05:00,198.08,202.59,197.6,202.49,2989588
2016-12-19 00:00:00-05:00,202.47,204.45,199.84,202.73,2943402
2016-12-20 00:00:00-05:00,203.05,209.0,202.5,208.77,4027564
2016-12-21 00:00:00-05:00,208.45,212.23,207.41,207.71,4576777
2016-12-22 00:00:00-05:00,208.23,209.99,206.5,208.44,2654471
2016-12-23 00:00:00-05:00,208.0,213.45,207.71,213.35,3769106
2016-12-27 00:00:00-05:00,214.88,222.25,214.42,219.53,4840248
2016-12-28 00:00:00-05:00,221.53,223.8,217.2,219.73,3163216
2016-12-29 00:00:00-05:00,218.56,219.2,214.1225,214.65,3488636
2016-12-30 00:00:00-05:00,216.3,217.5,211.68,213.72,3943927
2017-01-03 00:00:00-05:00,215.3,220.33,210.96,216.98,4802025
2017-01-04 00:00:00-05:00,214.75,228.0,214.31,226.98,9642856
2017-01-05 00:00:00-05:00,226.42,227.48,221.95,226.75,5099844
2017-01-06 00:00:00-05:00,226.93,230.31,225.45,229.01,4744632
2017-01-09 00:00:00-05:00,228.97,231.92,228.0,231.25,3298611
2017-01-10 00:00:00-05:00,232.0,232.0,226.89,229.75,3098465
2017-01-11 00:00:00-05:00,229.07,229.98,226.68,229.74,3005942
2017-01-12 00:00:00-05:00,229.06,230.7,225.58,229.58,3144888
2017-01-13 00:00:00-05:00,230.0,237.85,229.59,237.75,5291841
2017-01-17 00:00:00-05:00,236.7,239.96,234.37,235.75,3910024
2017-01-18 00:00:00-05:00,236.65,239.71,235.58,238.35,3183542
2017-01-19 00:00:00-05:00,247.25,248.68,240.75,243.76,6440125
2017-01-20 00:00:00-05:00,245.46,246.0,243.01,244.67,3056313
2017-01-23 00:00:00-05:00,245.85,250.8899,245.5,248.92,5090026
2017-01-24 00:00:00-05:00,250.0,254.8,249.65,254.59,4048868
2017-01-25 00:00:00-05:00,257.31,258.46,251.8,254.35,4231772
2017-01-26 00:00:00-05:00,254.29,255.74,250.75,252.49,2568741
2017-01-27 00:00:00-05:00,251.45,253.0,248.52,252.96,2550746
2017-01-30 00:00:00-05:00,252.53,255.2899,247.1,250.62,3133290
2017-01-31 00:00:00-05:00,249.24,255.89,247.7,251.99,3418345
2017-02-01 00:00:00-05:00,253.05,253.2,249.05,249.23,3328153
2017-02-02 00:00:00-05:00,248.34,252.42,247.71,251.54,2069074
2017-02-03 00:00:00-05:00,251.91,252.15,249.68,251.33,1602109
2017-02-06 00:00:00-05:00,251.0,257.82,250.63,257.77,2964419
2017-02-07 00:00:00-05:00,258.19,260.0,256.42,257.46,3407375
2017-02-08 00:00:00-05:00,257.35,263.36,256.2,261.98,3255029
2017-02-09 00:00:00-05:00,266.25,271.18,266.15,269.2,6386079
2017-02-10 00:00:00-05:00,269.79,270.95,266.11,269.19,3031517
2017-02-13 00:00:00-05:00,270.74,280.7899,270.51,280.6,6027207
2017-02-14 00:00:00-05:00,279.03,287.39,278.61,280.7657,6223028
2017-02-15 00:00:00-05:00,280.0,282.24,276.44,279.71,4107302
2017-02-16 00:00:00-05:00,277.52,280.0,268.5,268.95,5812719
2017-02-17 00:00:00-05:00,265.8,272.89,264.15,272.23,5261749
2017-02-21 00:00:00-05:00,275.45,281.4,274.0101,277.38,4607159
2017-02-22 00:00:00-05:00,280.31,283.45,272.6,273.49,6341796
2017-02-23 00:00:00-05:00,264.0,264.66,255.56,256.0,12171991
2017-02-24 00:00:00-05:00,252.25,258.25,250.2,257.0,6944383
2017-02-27 00:00:00-05:00,248.17,248.36,242.01,246.15,9576535
2017-02-28 00:00:00-05:00,244.02,251.0,243.9,249.99,5029562
2017-03-01 00:00:00-05:00,254.11,254.85,249.11,250.01,3928600
2017-03-02 00:00:00-05:00,249.71,253.28,248.27,250.47,2875091
2017-03-03 00:00:00-05:00,250.74,251.9,249.0,251.55,2477498
2017-03-06 00:00:00-05:00,248.49,251.7,247.51,251.29,2843497
2017-03-07 00:00:00-05:00,251.92,253.89,248.32,248.64,2826170
2017-03-08 00:00:00-05:00,246.92,250.07,245.32,246.83,3110900
2017-03-09 00:00:00-05:00,247.92,248.66,243.0,244.9,3288383
2017-03-10 00:00:00-05:00,246.21,246.5,243.0,243.69,2593997
2017-03-13 00:00:00-04:00,244.37,246.85,242.781,246.16,2399338
2017-03-14 00:00:00-04:00,246.11,258.12,246.02,258.05,6604991
2017-03-15 00:00:00-04:00,257.03,261.0,254.27,255.77,4058131
2017-03-16 00:00:00-04:00,262.4,265.75,259.06,262.08,5812109
2017-03-17 00:00:00-04:00,263.73,265.33,261.2,261.29,4845199
2017-03-20 00:00:00-04:00,260.6,264.55,258.821,261.92,3022377
2017-03-21 00:00:00-04:00,262.83,264.8,250.24,250.68,5939466
2017-03-22 00:00:00-04:00,251.56,255.07,250.51,255.02,3214367
2017-03-23 00:00:00-04:00,255.35,257.672,253.3,254.78,2740089
2017-03-24 00:00:00-04:00,255.7,263.89,255.01,263.16,4837083
2017-03-27 00:00:00-04:00,260.6,270.57,259.75,270.22,5209819
2017-03-28 00:00:00-04:00,277.02,280.68,275.0,277.41,6371172
2017-03-29 00:00:00-04:00,278.5,279.6,275.54,277.37,3024587
2017-03-30 00:00:00-04:00,278.02,282.0,277.21,277.78,3517594
2017-03-31 00:00:00-04:00,278.73,279.68,276.3197,278.31,2643446
2017-04-03 00:00:00-04:00,286.9,299.0,284.58,298.52,11595010
2017-04-04 00:00:00-04:00,297.28,304.81,294.53,303.68,8426564
2017-04-05 00:00:00-04:00,302.0,304.88,294.2,295.0,6446102
2017-04-06 00:00:00-04:00,296.8,301.94,294.1,298.69,4587516
2017-04-07 00:00:00-04:00,297.5,302.69,297.15,302.54,3642579
2017-04-10 00:00:00-04:00,309.15,313.7299,308.71,312.39,6270234
2017-04-11 00:00:00-04:00,313.38,313.47,305.5,308.67,4728639
2017-04-12 00:00:00-04:00,306.34,308.4481,296.32,296.84,5027726
2017-04-13 00:00:00-04:00,296.7,307.39,295.3,304.28,8088452
2017-04-17 00:00:00-04:00,302.7,304.0,298.68,301.38,3419332
2017-04-18 00:00:00-04:00,299.7,300.8399,297.9,300.26,2454117
2017-04-19 00:00:00-04:00,302.46,306.62,302.11,305.54,3144593
2017-04-20 00:00:00-04:00,306.58,309.15,300.23,302.51,5132214
2017-04-21 00:00:00-04:00,302.0,306.4,300.42,305.6,3723039
2017-04-24 00:00:00-04:00,309.3,310.55,306.0215,307.93,4233184
2017-04-25 00:00:00-04:00,308.0,313.98,305.86,313.8,5538025
2017-04-26 00:00:00-04:00,312.35,314.5,309.0,310.17,3523245
2017-04-27 00:00:00-04:00,311.69,313.09,307.5,308.65,2900610
2017-04-28 00:00:00-04:00,309.49,314.8,308.0,314.0,3791221
2017-05-01 00:00:00-04:00,314.88,327.25,314.81,322.84,6816155
2017-05-02 00:00:00-04:00,324.01,327.6599,316.5601,318.9,4308795
2017-05-03 00:00:00-04:00,317.67,321.53,310.45,310.78,5152573
2017-05-04 00:00:00-04:00,307.435,307.77,290.7601,295.36,11653966
2017-05-05 00:00:00-04:00,298.0,308.55,296.8,308.35,6695227
2017-05-08 00:00:00-04:00,310.6,313.79,305.82,307.2,5969091
2017-05-09 00:00:00-04:00,309.38,321.99,309.1,321.27,8158739
2017-05-10 00:00:00-04:00,321.56,325.4,318.12,325.22,4754047
2017-05-11 00:00:00-04:00,323.4,326.0,319.6,323.07,3902094
2017-05-12 00:00:00-04:00,325.48,327.0,321.53,324.81,3451569
2017-05-15 00:00:00-04:00,318.12,320.2,312.53,315.88,6216856
2017-05-16 00:00:00-04:00,317.59,320.06,315.14,317.01,3414800
2017-05-17 00:00:00-04:00,314.54,314.62,305.5,306.0,5504493
2017-05-18 00:00:00-04:00,307.0,313.94,305.31,313.0599,4717688
2017-05-19 00:00:00-04:00,315.5,316.5,310.2,310.74,3815323
2017-05-22 00:00:00-04:00,312.64,314.37,306.8,310.3,3496532
2017-05-23 00:00:00-04:00,310.46,310.73,303.48,303.86,3480878
2017-05-24 00:00:00-04:00,306.51,311.0,305.4,310.22,4143315
2017-05-25 00:00:00-04:00,311.02,316.97,307.81,316.83,3997385
2017-05-26 00:00:00-04:00,317.28,325.49,316.31,325.05,6515433
2017-05-30 00:00:00-04:00,326.0,336.28,325.76,335.12,6499423
2017-05-31 00:00:00-04:00,337.69,342.89,335.16,341.01,8326954
2017-06-01 00:00:00-04:00,344.0,344.88,337.29,340.29,6057650
2017-06-02 00:00:00-04:00,339.77,342.88,335.93,339.85,4500624
2017-06-05 00:00:00-04:00,338.5,348.44,334.21,347.32,5684288
2017-06-06 00:00:00-04:00,344.95,359.4929,344.66,352.8,9465968
2017-06-07 00:00:00-04:00,356.3,360.5,355.14,359.55,7850542
2017-06-08 00:00:00-04:00,363.75,371.9,360.22,370.01,7489685
2017-06-09 00:00:00-04:00,374.42,376.87,354.8,357.45,14323526
2017-06-12 00:00:00-04:00,357.99,364.5,350.62,358.99,8528936
2017-06-13 00:00:00-04:00,367.67,376.0,366.61,375.95,9720070
2017-06-14 00:00:00-04:00,381.085,384.25,376.31,380.6599,10303555
2017-06-15 00:00:00-04:00,372.5,375.46,366.49,375.34,8585072
2017-06-16 00:00:00-04:00,377.78,378.01,370.1,371.4,4691654
2017-06-19 00:00:00-04:00,375.0,376.7,367.8,369.8,5034089
2017-06-20 00:00:00-04:00,376.67,378.88,369.73,372.24,5606828
2017-06-21 00:00:00-04:00,374.35,376.99,368.02,376.4,3870166
2017-06-22 00:00:00-04:00,377.99,385.0,373.57,382.61,6198923
2017-06-23 00:00:00-04:00,382.45,386.99,379.345,383.23,4952152
2017-06-26 00:00:00-04:00,386.49,386.95,373.1,377.47,5351853
2017-06-27 00:00:00-04:00,376.4,376.4,362.02,362.36,5478243
2017-06-28 00:00:00-04:00,367.56,371.74,362.52,371.01,5088420
2017-06-29 00:00:00-04:00,370.61,371.0,354.1,360.8899,6701532
2017-06-30 00:00:00-04:00,363.71,366.7674,359.6187,361.73,4439325
2017-07-03 00:00:00-04:00,370.24,371.35,351.5,352.52,5096067
2017-07-05 00:00:00-04:00,347.2,347.24,326.33,327.0,13537640
2017-07-06 00:00:00-04:00,317.31,320.7899,306.3,308.72,15183238
2017-07-07 00:00:00-04:00,313.5,317.0,307.38,313.15,11077477
2017-07-10 00:00:00-04:00,312.9,317.94,303.13,315.97,11334414
2017-07-11 00:00:00-04:00,316.0,327.28,314.3,327.19,9402281
2017-07-12 00:00:00-04:00,330.4,333.1,324.5,329.4,8253022
2017-07-13 00:00:00-04:00,330.11,331.6,319.97,323.29,6894041
2017-07-14 00:00:00-04:00,323.19,328.42,321.22,327.67,4544717
2017-07-17 00:00:00-04:00,325.57,327.1,313.45,319.4,7931645
2017-07-18 00:00:00-04:00,317.41,329.13,315.66,328.22,5080361
2017-07-19 00:00:00-04:00,328.23,331.65,323.2193,325.25,5001769
2017-07-20 00:00:00-04:00,326.9,330.22,324.2,329.8,4041558
2017-07-21 00:00:00-04:00,329.68,331.2575,325.8,328.24,3841524
2017-07-24 00:00:00-04:00,330.24,343.399,330.01,342.14,7036023
2017-07-25 00:00:00-04:00,345.0,345.6,334.15,339.58,5583746
2017-07-26 00:00:00-04:00,340.36,345.5,338.12,343.75,3895849
2017-07-27 00:00:00-04:00,346.0,347.5,326.29,334.4,6579454
2017-07-28 00:00:00-04:00,336.89,339.6,332.51,334.88,3811165
2017-07-31 00:00:00-04:00,335.5,341.49,321.04,323.34,6902577
2017-08-01 00:00:00-04:00,323.0,324.45,316.13,319.55,6852941
2017-08-02 00:00:00-04:00,318.94,327.12,311.22,325.83,7918504
2017-08-03 00:00:00-04:00,346.78,350.0,343.15,347.0772,10612835
2017-08-04 00:00:00-04:00,347.0,357.27,343.3,357.0026,7720898
2017-08-07 00:00:00-04:00,357.35,359.48,352.75,355.17,4863457
2017-08-08 00:00:00-04:00,357.53,368.58,357.4,365.27,5944586
2017-08-09 00:00:00-04:00,361.0,370.0,358.95,363.64,5538957
2017-08-10 00:00:00-04:00,362.0,366.6504,354.66,355.4,5778816
2017-08-11 00:00:00-04:00,356.97,361.26,353.62,357.87,3447797
2017-08-14 00:00:00-04:00,364.63,367.66,362.6,363.8,3538601
2017-08-15 00:00:00-04:00,365.2,365.49,359.37,362.23,2333895
2017-08-16 00:00:00-04:00,363.0,366.5,362.52,362.91,2514861
2017-08-17 00:00:00-04:00,361.21,363.3,351.59,351.85,3857611
2017-08-18 00:00:00-04:00,352.91,354.0,345.8,347.51,4183304
2017-08-21 00:00:00-04:00,345.82,345.82,331.85,337.87,5296598
2017-08-22 00:00:00-04:00,341.13,342.24,337.3725,341.27,3452022
2017-08-23 00:00:00-04:00,338.99,353.49,338.3041,352.75,3877048
2017-08-24 00:00:00-04:00,352.52,356.66,349.74,352.94,3443495
2017-08-25 00:00:00-04:00,354.24,355.69,347.3,347.99,2725329
2017-08-28 00:00:00-04:00,347.28,347.35,339.72,345.66,2803519
2017-08-29 00:00:00-04:00,339.48,349.05,338.75,347.24,3011443
2017-08-30 00:00:00-04:00,349.5,353.47,347.0,353.13,2532388
2017-08-31 00:00:00-04:00,353.55,358.44,352.82,355.89,3003526
2017-09-01 00:00:00-04:00,356.12,357.59,353.6902,355.22,2348531
2017-09-05 00:00:00-04:00,353.8,355.49,345.89,349.5,2988355
2017-09-06 00:00:00-04:00,349.5,350.979,341.56,344.66,3169161
2017-09-07 00:00:00-04:00,345.98,352.48,343.45,350.61,3315135
2017-09-08 00:00:00-04:00,348.99,349.78,342.3,343.3,2507714
2017-09-11 00:00:00-04:00,351.35,363.71,350.0,363.68,6066237
2017-09-12 00:00:00-04:00,364.49,368.76,360.4,362.71,4620028
2017-09-13 00:00:00-04:00,363.82,368.07,359.59,366.0601,3257417
2017-09-14 00:00:00-04:00,364.33,377.96,362.63,377.44,5637380
2017-09-15 00:00:00-04:00,374.51,380.0,372.7,379.81,4064278
2017-09-18 00:00:00-04:00,380.25,389.61,377.68,384.61,5719442
2017-09-19 00:00:00-04:00,380.0,382.39,373.57,374.82,4812570
2017-09-20 00:00:00-04:00,373.01,378.249,371.07,373.9,3923400
2017-09-21 00:00:00-04:00,374.9,376.83,364.51,366.43,3801248
2017-09-22 00:00:00-04:00,366.49,369.8999,350.88,351.0,6565305
2017-09-25 00:00:00-04:00,353.15,357.469,342.88,344.88,6161128
2017-09-26 00:00:00-04:00,350.93,351.24,340.9,345.25,5200640
2017-09-27 00:00:00-04:00,349.1,351.489,340.5,340.99,4774927
2017-09-28 00:00:00-04:00,339.88,342.75,335.4,339.52,4054450
2017-09-29 00:00:00-04:00,341.86,344.68,338.601,341.02,4033082
2017-10-02 00:00:00-04:00,342.66,343.7,335.51,341.45,3857224
2017-10-03 00:00:00-04:00,335.9,348.55,331.28,348.14,8114832
2017-10-04 00:00:00-04:00,351.25,358.62,349.6,354.9887,6556064
2017-10-05 00:00:00-04:00,356.0,357.435,351.35,355.14,3177266
2017-10-06 00:00:00-04:00,353.1,360.0992,352.25,356.834,3304223
2017-10-09 00:00:00-04:00,349.65,351.75,342.67,342.84,5908251
2017-10-10 00:00:00-04:00,346.8,355.63,345.5305,355.6,5503068
2017-10-11 00:00:00-04:00,353.89,357.6,351.15,354.6,3524960
2017-10-12 00:00:00-04:00,352.95,359.78,352.64,355.65,3171755
2017-10-13 00:00:00-04:00,356.98,358.49,353.68,355.49,2760249
2017-10-16 00:00:00-04:00,353.76,354.48,347.16,350.46,3721305
2017-10-17 00:00:00-04:00,350.91,356.22,350.07,355.73,2562294
2017-10-18 00:00:00-04:00,355.97,363.0,354.13,359.72,3851708
2017-10-19 00:00:00-04:00,355.56,357.1465,348.2,351.81,3929322
2017-10-20 00:00:00-04:00,352.36,354.55,344.34,345.1,3819329
2017-10-23 00:00:00-04:00,349.88,349.95,336.25,337.06,4452792
2017-10-24 00:00:00-04:00,338.8,342.8,336.16,337.33,3214375
2017-10-25 00:00:00-04:00,336.7,337.5,323.56,325.76,5530087
2017-10-26 00:00:00-04:00,327.78,330.23,323.2,326.1,3888568
2017-10-27 00:00:00-04:00,319.75,324.59,316.66,320.8726,5212502
2017-10-30 00:00:00-04:00,319.18,323.78,317.25,320.035,3268148
2017-10-31 00:00:00-04:00,320.23,331.95,320.18,331.52,4257246
2017-11-01 00:00:00-04:00,332.25,332.6089,320.26,321.1,5354564
2017-11-02 00:00:00-04:00,300.04,308.69,292.63,299.24,15307224
2017-11-03 00:00:00-04:00,299.34,306.25,295.13,306.09,7020744
2017-11-06 00:00:00-05:00,307.0,307.5,299.01,302.7,4871851
2017-11-07 00:00:00-05:00,300.46,306.5,300.03,306.03,4112299
2017-11-08 00:00:00-05:00,305.08,306.89,301.3001,304.31,3819535
2017-11-09 00:00:00-05:00,302.5,304.46,296.3,302.98,4251953
2017-11-10 00:00:00-05:00,302.5,308.36,301.85,302.92,3603353
2017-11-13 00:00:00-05:00,300.13,316.8,299.11,315.4,6019636
2017-11-14 00:00:00-05:00,314.43,316.35,306.9,308.7,4567972
2017-11-15 00:00:00-05:00,306.01,312.49,301.5,311.25,4800540
2017-11-16 00:00:00-05:00,313.99,318.14,311.3,312.5,4394695
2017-11-17 00:00:00-05:00,325.85,326.67,313.15,314.97,10617355
2017-11-20 00:00:00-05:00,313.79,315.5,304.75,308.72,6763053
2017-11-21 00:00:00-05:00,310.85,318.23,308.71,317.8,5932102
2017-11-22 00:00:00-05:00,316.77,317.42,311.84,312.63,4056694
2017-11-24 00:00:00-05:00,313.79,316.41,311.0,315.54,2542006
2017-11-27 00:00:00-05:00,313.25,317.34,309.51,316.74,3647104
2017-11-28 00:00:00-05:00,316.36,320.0,313.92,317.61,3892462
2017-11-29 00:00:00-05:00,317.3,318.0,301.23,307.55,6661572
2017-11-30 00:00:00-05:00,308.56,310.7,304.54,308.95,3399245
2017-12-01 00:00:00-05:00,305.44,310.32,305.05,306.53,3411656
2017-12-04 00:00:00-05:00,306.51,308.265,300.61,305.23,4799442
2017-12-05 00:00:00-05:00,302.0,308.0,301.0,303.7,3214323
2017-12-06 00:00:00-05:00,300.1,313.39,300.0,313.27,5068966
2017-12-07 00:00:00-05:00,312.0,318.6341,311.05,311.26,3613123
2017-12-08 00:00:00-05:00,314.6,316.98,311.26,315.06,2716500
2017-12-11 00:00:00-05:00,314.4,329.01,313.75,328.9,6211418
2017-12-12 00:00:00-05:00,328.91,341.44,328.91,340.94,6942459
2017-12-13 00:00:00-05:00,340.89,344.22,336.5,339.03,4866385
2017-12-14 00:00:00-05:00,341.01,347.44,336.9,337.88,4593703
2017-12-15 00:00:00-05:00,342.04,343.9,335.76,343.43,4773155
2017-12-18 00:00:00-05:00,344.9,346.73,337.58,338.81,4347227
2017-12-19 00:00:00-05:00,340.26,341.4925,330.3,330.99,4798681
2017-12-20 00:00:00-05:00,332.69,333.1,325.04,328.903,4733693
2017-12-21 00:00:00-05:00,329.59,333.74,327.21,331.6,3257662
2017-12-22 00:00:00-05:00,329.51,330.9214,324.82,325.19,3338119
2017-12-26 00:00:00-05:00,323.83,323.84,316.58,317.29,3409752
2017-12-27 00:00:00-05:00,316.39,317.5,310.75,311.63,3715413
2017-12-28 00:00:00-05:00,311.91,315.82,309.54,315.36,3508181
2017-12-29 00:00:00-05:00,316.18,316.41,310.0,311.4,2971236
2018-01-02 00:00:00-05:00,312.18,322.1099,311.0,320.29,3322648
2018-01-03 00:00:00-05:00,321.0,325.25,315.55,317.01,3232166
2018-01-04 00:00:00-05:00,312.87,318.55,305.68,314.62,7428996
2018-01-05 00:00:00-05:00,316.62,317.24,312.0,316.55,3563882
2018-01-08 00:00:00-05:00,316.0,337.0199,315.5,336.41,7721537
2018-01-09 00:00:00-05:00,335.16,338.8,327.405,333.69,5589529
2018-01-10 00:00:00-05:00,332.2,337.0,330.0,334.72,2989825
2018-01-11 00:00:00-05:00,335.24,344.8099,333.26,337.93,5333809
2018-01-12 00:00:00-05:00,338.63,340.41,333.67,336.22,3787311
2018-01-16 00:00:00-05:00,337.54,345.0,334.8,340.04,4636745
2018-01-17 00:00:00-05:00,340.47,349.0,339.75,347.1,5127104
2018-01-18 00:00:00-05:00,345.67,352.3,343.74,344.51,4323708
2018-01-19 00:00:00-05:00,345.0,350.5899,342.6,349.965,3720984
2018-01-22 00:00:00-05:00,349.44,357.83,349.2,351.6,4720515
2018-01-23 00:00:00-05:00,359.99,360.5,351.0,352.8,4165448
2018-01-24 00:00:00-05:00,354.58,354.75,343.52,345.92,4076622
2018-01-25 00:00:00-05:00,348.27,349.2,336.4,337.55,5265180
2018-01-26 00:00:00-05:00,341.5,344.0,335.71,342.7001,3376888
2018-01-29 00:00:00-05:00,339.85,350.85,338.28,349.339,3565674
2018-01-30 00:00:00-05:00,345.14,348.27,342.17,345.82,3087924
2018-01-31 00:00:00-05:00,347.51,356.19,345.19,354.46,4046230
2018-02-01 00:00:00-05:00,351.0,359.66,348.63,349.25,3065835
2018-02-02 00:00:00-05:00,348.44,351.95,340.51,343.75,2730271
2018-02-05 00:00:00-05:00,337.97,344.47,333.0,333.15,3124163
2018-02-06 00:00:00-05:00,325.21,336.22,323.5,333.97,3703402
2018-02-07 00:00:00-05:00,338.83,346.0,335.66,344.77,4422730
2018-02-08 00:00:00-05:00,343.31,348.62,314.6,315.45,7979932
2018-02-09 00:00:00-05:00,319.93,320.9845,294.76,310.42,10347220
2018-02-12 00:00:00-05:00,316.13,318.08,306.25,315.71,4772388
2018-02-13 00:00:00-05:00,315.25,324.19,312.5105,323.5,3494490
2018-02-14 00:00:00-05:00,320.84,326.17,318.52,322.2229,2944477
2018-02-15 00:00:00-05:00,324.5,334.12,322.4,334.12,4555687
2018-02-16 00:00:00-05:00,332.5,343.12,331.64,335.49,4446403
2018-02-20 00:00:00-05:00,334.47,340.84,331.5,334.76,3094086
2018-02-21 00:00:00-05:00,336.0,339.6929,333.17,333.38,2440745
2018-02-22 00:00:00-05:00,336.26,347.44,334.7501,346.32,5347283
2018-02-23 00:00:00-05:00,347.83,354.99,347.1,352.04,4492472
2018-02-26 00:00:00-05:00,353.5,359.0,352.355,357.35,3420794
2018-02-27 00:00:00-05:00,356.25,359.99,350.01,350.97,3646245
2018-02-28 00:00:00-05:00,352.57,355.24,342.22,343.1,4904777
2018-03-01 00:00:00-05:00,345.05,348.67,330.07,330.93,5382106
2018-03-02 00:00:00-05:00,326.98,335.22,322.97,335.12,3920878
2018-03-05 00:00:00-05:00,332.39,337.75,329.2929,333.3,2935723
2018-03-06 00:00:00-05:00,333.75,336.37,327.03,328.22,3302920
2018-03-07 00:00:00-05:00,325.44,332.5,321.74,332.32,3861616
2018-03-08 00:00:00-05:00,332.86,333.3,326.274,328.92,2666859
2018-03-09 00:00:00-05:00,324.11,328.49,322.37,327.22,4085896
2018-03-12 00:00:00-04:00,328.61,347.21,326.5,345.41,6269377
2018-03-13 00:00:00-04:00,344.92,345.12,336.2635,341.84,4635102
2018-03-14 00:00:00-04:00,336.76,339.81,323.93,326.65,6121576
2018-03-15 00:00:00-04:00,329.38,332.85,321.1,325.6,4890545
2018-03-16 00:00:00-04:00,325.96,327.4,319.07,321.3,4791833
2018-03-19 00:00:00-04:00,316.5,320.75,309.67,313.57,5808312
2018-03-20 00:00:00-04:00,314.87,316.25,308.76,310.55,3510966
2018-03-21 00:00:00-04:00,310.25,322.44,310.19,316.53,4703751
2018-03-22 00:00:00-04:00,313.89,318.82,308.18,309.0766,3470601
2018-03-23 00:00:00-04:00,311.25,311.61,300.45,301.55,4974345
2018-03-26 00:00:00-04:00,307.34,307.59,291.36,304.15,6332061
2018-03-27 00:00:00-04:00,304.0,304.27,277.18,279.22,10483456
2018-03-28 00:00:00-04:00,264.58,268.68,252.1,257.79,15762642
2018-03-29 00:00:00-04:00,256.49,270.9599,248.21,266.14,11508578
2018-04-02 00:00:00-04:00,256.26,260.3318,244.5901,252.52,12608082
2018-04-03 00:00:00-04:00,269.82,273.35,254.49,267.53,14345220
2018-04-04 00:00:00-04:00,253.12,288.37,252.0,286.97,15846298
2018-04-05 00:00:00-04:00,288.51,306.26,288.2,305.71,14901287
2018-04-06 00:00:00-04:00,301.0,309.28,295.5,299.58,10551547
2018-04-09 00:00:00-04:00,300.84,309.5,289.21,289.7105,8014709
2018-04-10 00:00:00-04:00,298.79,307.1,293.68,304.7,8414253
2018-04-11 00:00:00-04:00,300.7403,308.98,299.66,301.02,5393338
2018-04-12 00:00:00-04:00,302.32,303.95,293.68,294.06,5615534
2018-04-13 00:00:00-04:00,303.6,303.9499,295.98,300.3,5409837
2018-04-16 00:00:00-04:00,299.0,299.66,289.01,291.26,4965629
2018-04-17 00:00:00-04:00,288.87,292.17,282.51,287.69,5369769
2018-04-18 00:00:00-04:00,291.08,300.24,288.16,293.35,5167869
2018-04-19 00:00:00-04:00,291.08,301.01,288.55,300.09,4610764
2018-04-20 00:00:00-04:00,294.9,299.98,289.75,290.24,4202631
2018-04-23 00:00:00-04:00,291.29,291.62,282.33,283.34,3850712
2018-04-24 00:00:00-04:00,285.0,287.09,278.46,283.69,4369135
2018-04-25 00:00:00-04:00,283.5,285.16,277.25,280.79,2985097
2018-04-26 00:00:00-04:00,278.75,285.79,276.5,285.49,3344842
2018-04-27 00:00:00-04:00,285.37,294.47,283.83,294.1499,3274534
2018-04-30 00:00:00-04:00,293.61,298.73,292.5,293.9,3189144
2018-05-01 00:00:00-04:00,293.51,300.82,293.22,299.32,3115134
2018-05-02 00:00:00-04:00,298.52,306.85,297.7844,301.22,5594548
2018-05-03 00:00:00-04:00,278.79,288.04,275.23,284.44,12470042
2018-05-04 00:00:00-04:00,283.0,296.86,279.52,293.98,6445350
2018-05-07 00:00:00-04:00,297.5,305.9588,295.17,302.75,6529636
2018-05-08 00:00:00-04:00,300.7953,307.75,299.0,302.0,4629558
2018-05-09 00:00:00-04:00,300.41,307.01,300.05,306.9042,4343251
2018-05-10 00:00:00-04:00,307.4997,312.99,304.1119,304.95,4336497
2018-05-11 00:00:00-04:00,307.7,308.88,299.08,301.03,3445070
2018-05-14 00:00:00-04:00,303.32,304.94,291.62,291.89,5465499
2018-05-15 00:00:00-04:00,285.01,286.96,280.5,284.25,7097869
2018-05-16 00:00:00-04:00,283.83,288.81,281.56,286.47,4294590
2018-05-17 00:00:00-04:00,286.2,289.1873,283.97,284.46,3350982
2018-05-18 00:00:00-04:00,284.65,284.65,274.0,276.89,5495237
2018-05-21 00:00:00-04:00,281.33,291.49,281.3,284.47,6748639
2018-05-22 00:00:00-04:00,287.75,288.0,273.422,275.01,6935133
2018-05-23 00:00:00-04:00,277.76,279.9099,274.0,279.06,4492951
2018-05-24 00:00:00-04:00,278.4,281.11,274.89,277.85,3200888
2018-05-25 00:00:00-04:00,277.58,279.64,275.61,278.8707,2934960
2018-05-29 00:00:00-04:00,278.51,286.5,276.15,283.68,4525548
2018-05-30 00:00:00-04:00,283.29,295.005,281.6,291.81,5748874
2018-05-31 00:00:00-04:00,287.21,290.37,282.93,284.72,4258536
2018-06-01 00:00:00-04:00,285.86,291.95,283.839,291.7284,3961006
2018-06-04 00:00:00-04:00,294.34,299.0,293.548,296.67,3636954
2018-06-05 00:00:00-04:00,297.7,297.8,286.74,291.13,4360845
2018-06-06 00:00:00-04:00,300.5,322.17,297.48,319.44,14504077
2018-06-07 00:00:00-04:00,316.09,330.0,313.58,316.02,11477605
2018-06-08 00:00:00-04:00,318.82,324.48,317.15,317.66,6378664
2018-06-11 00:00:00-04:00,322.51,334.66,322.5,332.11,10510399
2018-06-12 00:00:00-04:00,344.7,354.97,338.0,342.73,17456707
2018-06-13 00:00:00-04:00,346.18,347.2,339.8,344.76,7154803
2018-06-14 00:00:00-04:00,347.63,358.75,346.6,357.72,8583390
2018-06-15 00:00:00-04:00,353.84,364.67,351.25,358.12,7852316
2018-06-18 00:00:00-04:00,355.4,373.73,354.5,370.83,9148207
2018-06-19 00:00:00-04:00,365.16,370.0,346.25,352.58,10086894
2018-06-20 00:00:00-04:00,358.37,364.38,352.0,361.85,6380117
2018-06-21 00:00:00-04:00,362.0,366.2139,346.27,347.5,6148690
2018-06-22 00:00:00-04:00,351.54,352.25,332.0,333.63,7561927
2018-06-25 00:00:00-04:00,330.12,338.47,327.5,333.19,5159101
2018-06-26 00:00:00-04:00,336.054,343.55,325.799,342.0,5703308
2018-06-27 00:00:00-04:00,345.0,350.79,339.5,344.55,6573386
2018-06-28 00:00:00-04:00,348.66,357.02,346.11,349.98,6494636
2018-06-29 00:00:00-04:00,353.33,353.86,342.41,342.89,4863522
2018-07-02 00:00:00-04:00,360.28,364.78,329.85,335.07,14936701
2018-07-03 00:00:00-04:00,331.91,332.49,309.69,310.9247,9605990
2018-07-05 00:00:00-04:00,313.76,314.39,296.22,309.11,13989015
2018-07-06 00:00:00-04:00,304.9545,312.07,302.0,308.91,7097253
2018-07-09 00:00:00-04:00,311.8553,318.52,308.0,318.29,5743049
2018-07-10 00:00:00-04:00,324.56,327.6771,319.2,322.37,7098726
2018-07-11 00:00:00-04:00,315.8,321.94,315.07,318.9,3737257
2018-07-12 00:00:00-04:00,321.43,323.23,312.77,316.72,4399037
2018-07-13 00:00:00-04:00,315.58,319.5849,309.25,318.8,4785549
2018-07-16 00:00:00-04:00,311.71,315.16,306.25,310.19,6151554
2018-07-17 00:00:00-04:00,308.81,324.74,308.5,322.67,5459321
2018-07-18 00:00:00-04:00,325.0,325.5,316.25,324.0,4352952
2018-07-19 00:00:00-04:00,316.33,323.54,314.01,320.23,4659445
2018-07-20 00:00:00-04:00,321.23,323.24,311.7093,313.57,4065299
2018-07-23 00:00:00-04:00,301.84,305.5,292.8601,303.2,8204781
2018-07-24 00:00:00-04:00,304.4209,307.7171,292.5452,297.42,7452588
2018-07-25 00:00:00-04:00,296.74,309.62,294.5025,308.73,5567873
2018-07-26 00:00:00-04:00,304.85,310.7,303.6411,306.35,3519786
2018-07-27 00:00:00-04:00,307.25,307.6933,295.3404,297.19,4277023
2018-07-30 00:00:00-04:00,295.9,296.1,286.13,290.18,5158301
2018-07-31 00:00:00-04:00,292.25,298.32,289.07,298.15,3748147
2018-08-01 00:00:00-04:00,297.99,303.0,293.0,301.489,5542797
2018-08-02 00:00:00-04:00,328.49,349.99,323.16,349.3898,17674152
2018-08-03 00:00:00-04:00,347.81,355.0,342.53,348.3,10354676
2018-08-06 00:00:00-04:00,345.46,354.98,341.82,342.0,6660981
2018-08-07 00:00:00-04:00,343.84,387.46,339.1501,379.58,24571707
2018-08-08 00:00:00-04:00,368.8,382.64,367.12,370.38,17610717
2018-08-09 00:00:00-04:00,365.83,367.01,345.73,352.26,12517790
2018-08-10 00:00:00-04:00,354.0,360.0,346.0,355.529,8902416
2018-08-13 00:00:00-04:00,361.13,363.19,349.02,356.41,7572106
2018-08-14 00:00:00-04:00,358.45,359.1995,347.1,347.64,5255790
2018-08-15 00:00:00-04:00,341.9059,344.49,332.14,338.76,6835061
2018-08-16 00:00:00-04:00,339.91,342.28,333.82,335.45,4291063
2018-08-17 00:00:00-04:00,323.5,326.77,303.53,305.51,14358488
2018-08-20 00:00:00-04:00,291.7035,308.5,288.2,308.44,12242447
2018-08-21 00:00:00-04:00,310.61,324.79,309.0,321.9,10077506
2018-08-22 00:00:00-04:00,320.87,323.88,314.67,321.52,4813931
2018-08-23 00:00:00-04:00,319.14,327.32,318.1,320.11,3955535
2018-08-24 00:00:00-04:00,320.7,323.85,319.4,322.81,2749357
2018-08-27 00:00:00-04:00,318.01,322.435,308.81,319.54,10187976
2018-08-28 00:00:00-04:00,318.41,318.88,311.19,311.85,6176933
2018-08-29 00:00:00-04:00,310.27,311.85,303.69,304.88,5849149
2018-08-30 00:00:00-04:00,302.26,304.6,297.72,303.135,5689793
2018-08-31 00:00:00-04:00,302.0,305.3082,298.6,301.65,4138251
2018-09-04 00:00:00-04:00,296.94,298.19,288.0,288.99,6422883
2018-09-05 00:00:00-04:00,285.08,286.78,277.18,280.6987,5655214
2018-09-06 00:00:00-04:00,284.8,291.17,278.88,281.0095,5679908
2018-09-07 00:00:00-04:00,260.25,268.35,252.2548,263.24,16242828
2018-09-10 00:00:00-04:00,273.26,286.03,271.0,285.46,11348654
2018-09-11 00:00:00-04:00,279.31,282.0,273.55,279.43,6899938
2018-09-12 00:00:00-04:00,281.44,292.5,278.6463,290.56,7594078
2018-09-13 00:00:00-04:00,288.27,295.0,285.18,289.42,4758415
2018-09-14 00:00:00-04:00,288.74,297.3256,286.52,295.11,5120958
2018-09-17 00:00:00-04:00,290.04,300.87,288.13,294.79,5176019
2018-09-18 00:00:00-04:00,296.3,302.64,275.5,284.93,12923352
2018-09-19 00:00:00-04:00,280.77,300.0,280.5,299.04,6156658
2018-09-20 00:00:00-04:00,303.56,305.98,293.33,298.32,5573331
2018-09-21 00:00:00-04:00,297.7,300.58,295.37,299.01,3408179
2018-09-24 00:00:00-04:00,298.48,302.9993,293.58,299.73,3638324
2018-09-25 00:00:00-04:00,300.0,304.6,296.5,301.05,3401297
2018-09-26 00:00:00-04:00,301.65,313.89,301.1093,309.5664,5964409
2018-09-27 00:00:00-04:00,312.9,314.96,306.91,307.46,3303572
2018-09-28 00:00:00-04:00,270.26,278.0,260.555,264.72,25167046
2018-10-01 00:00:00-04:00,305.49,311.44,301.05,310.3446,15258287
2018-10-02 00:00:00-04:00,314.0,316.84,299.15,300.9,8518600
2018-10-03 00:00:00-04:00,303.33,304.6,291.57,295.03,6300641
2018-10-04 00:00:00-04:00,293.95,294.0,277.67,281.84,7147210
2018-10-05 00:00:00-04:00,274.61,274.88,260.0,261.99,13362410
2018-10-08 00:00:00-04:00,264.26,267.7599,249.0,250.54,9900147
2018-10-09 00:00:00-04:00,255.25,266.77,253.3,262.81,9143892
2018-10-10 00:00:00-04:00,264.61,265.51,247.77,256.89,9657608
2018-10-11 00:00:00-04:00,257.53,262.25,249.03,252.33,6000952
2018-10-12 00:00:00-04:00,260.98,261.99,252.01,259.15,5270938
2018-10-15 00:00:00-04:00,259.06,263.28,254.5367,259.56,4827381
2018-10-16 00:00:00-04:00,265.7,277.375,262.24,276.54,6957925
2018-10-17 00:00:00-04:00,282.4,282.7,265.8032,271.8,6442088
2018-10-18 00:00:00-04:00,269.29,271.0,263.0,263.95,3977473
2018-10-19 00:00:00-04:00,267.39,269.66,253.5,260.04,7016215
2018-10-22 00:00:00-04:00,260.68,261.86,252.59,260.94,3968574
2018-10-23 00:00:00-04:00,263.87,297.93,262.1,294.26,13890784
2018-10-24 00:00:00-04:00,301.05,304.44,285.73,288.84,11916320
2018-10-25 00:00:00-04:00,317.22,321.0,301.01,314.81,15526936
2018-10-26 00:00:00-04:00,308.25,339.9,306.65,330.63,21526599
2018-10-29 00:00:00-04:00,337.47,347.16,326.5,336.79,11398720
2018-10-30 00:00:00-04:00,328.39,337.8999,322.26,329.81,7257990
2018-10-31 00:00:00-04:00,332.54,342.0,329.1,337.28,5723763
2018-11-01 00:00:00-04:00,338.26,347.84,334.725,344.12,6385290
2018-11-02 00:00:00-04:00,343.74,349.2,340.91,346.45,6174655
2018-11-05 00:00:00-05:00,340.5,343.955,330.14,341.27,7692268
2018-11-06 00:00:00-05:00,339.07,348.8,336.09,341.06,6590767
2018-11-07 00:00:00-05:00,343.34,351.18,340.8,348.027,7426352
2018-11-08 00:00:00-05:00,349.0,357.5755,348.44,351.29,5411948
2018-11-09 00:00:00-05:00,349.0,354.0,345.23,350.53,4012945
2018-11-12 00:00:00-05:00,348.37,349.78,330.34,331.15,5557138
2018-11-13 00:00:00-05:00,333.16,344.7,332.2,338.61,3903430
2018-11-14 00:00:00-05:00,342.7,347.11,337.15,344.15,4905646
2018-11-15 00:00:00-05:00,342.33,348.58,339.04,348.41,4458230
2018-11-16 00:00:00-05:00,345.19,355.7,345.1201,354.29,7149187
2018-11-19 00:00:00-05:00,356.34,366.75,352.88,353.4801,9512859
2018-11-20 00:00:00-05:00,341.75,349.8,333.55,347.73,7777405
2018-11-21 00:00:00-05:00,352.0,353.1,337.3995,338.16,4608419
2018-11-23 00:00:00-05:00,334.345,337.5,325.55,326.0,4047411
2018-11-26 00:00:00-05:00,325.0,346.22,325.0,345.94,7715078
2018-11-27 00:00:00-05:00,340.05,346.96,335.5,343.91,5982784
2018-11-28 00:00:00-05:00,345.99,348.28,342.21,347.87,3992192
2018-11-29 00:00:00-05:00,347.0,347.5,339.55,341.17,3002799
2018-11-30 00:00:00-05:00,341.83,351.6,338.2648,350.39,5361189
2018-12-03 00:00:00-05:00,360.0,366.0,352.0,358.64,8040529
2018-12-04 00:00:00-05:00,356.05,368.68,352.0,359.5934,8251172
2018-12-06 00:00:00-05:00,356.01,367.38,350.76,363.06,7709571
2018-12-07 00:00:00-05:00,369.0,379.49,357.65,357.8701,11198666
2018-12-10 00:00:00-05:00,360.0,365.98,353.12,365.14,6349458
2018-12-11 00:00:00-05:00,369.91,372.1689,360.23,366.69,6099449
2018-12-12 00:00:00-05:00,369.42,371.91,365.16,366.72,4889259
2018-12-13 00:00:00-05:00,370.15,377.44,366.75,376.89,7093864
2018-12-14 00:00:00-05:00,375.0,377.87,364.33,365.61,6215126
2018-12-17 00:00:00-05:00,362.0,365.7,343.88,348.29,7364321
2018-12-18 00:00:00-05:00,350.54,351.55,333.69,336.83,6896291
2018-12-19 00:00:00-05:00,337.6,347.01,329.74,332.98,8083353
2018-12-20 00:00:00-05:00,327.0535,330.29,311.869,315.315,8519343
2018-12-21 00:00:00-05:00,317.4,323.47,312.44,319.91,7570973
2018-12-24 00:00:00-05:00,313.5,314.5,295.195,295.69,5350960
2018-12-26 00:00:00-05:00,300.0,326.97,294.09,326.08,7928079
2018-12-27 00:00:00-05:00,319.84,322.1717,301.5,315.9188,8310934
2018-12-28 00:00:00-05:00,323.1,336.24,318.41,333.86,8973702
2018-12-31 00:00:00-05:00,337.79,339.21,325.26,331.4531,5898332
2019-01-02 00:00:00-05:00,306.5,315.13,298.8,309.8699,10751296
2019-01-03 00:00:00-05:00,307.0,309.4,297.38,300.31,6672221
2019-01-04 00:00:00-05:00,306.0,318.0,302.73,317.54,6983846
2019-01-07 00:00:00-05:00,321.66,336.74,317.7508,334.986,7193888
2019-01-08 00:00:00-05:00,341.98,344.01,327.02,335.49,6567180
2019-01-09 00:00:00-05:00,335.5,343.5025,331.47,338.52,5199244
2019-01-10 00:00:00-05:00,334.4,345.39,331.79,344.91,5719942
2019-01-11 00:00:00-05:00,342.09,348.41,338.77,347.35,4796324
2019-01-14 00:00:00-05:00,342.5,342.5,334.0,334.7,5009149
2019-01-15 00:00:00-05:00,335.0,348.8,334.5,344.345,5803044
2019-01-16 00:00:00-05:00,344.78,352.0,343.5,345.89,4500918
2019-01-17 00:00:00-05:00,346.21,351.5,344.15,347.15,3488578
2019-01-18 00:00:00-05:00,323.06,327.1297,299.7301,302.22,22317439
2019-01-22 00:00:00-05:00,304.82,308.0,295.5,298.18,11524285
2019-01-23 00:00:00-05:00,292.5,294.5,281.69,287.18,11633895
2019-01-24 00:00:00-05:00,283.47,293.68,279.2831,291.855,7588695
2019-01-25 00:00:00-05:00,294.39,298.5195,289.55,297.0,6831199
2019-01-28 00:00:00-05:00,292.91,297.46,287.75,296.38,6123573
2019-01-29 00:00:00-05:00,295.27,298.5566,291.8,297.18,4359468
2019-01-30 00:00:00-05:00,300.45,308.8531,298.49,308.705,7828001
2019-01-31 00:00:00-05:00,301.0,311.5636,294.0,307.0679,11706783
2019-02-01 00:00:00-05:00,305.42,316.1,303.5,312.1801,6978985
2019-02-04 00:00:00-05:00,312.98,315.3,301.88,312.465,7019206
2019-02-05 00:00:00-05:00,312.37,322.44,312.2494,321.37,6415638
2019-02-06 00:00:00-05:00,319.59,324.24,315.624,317.77,4744608
2019-02-07 00:00:00-05:00,313.3,314.7,303.0,307.5999,6189747
2019-02-08 00:00:00-05:00,306.98,307.445,298.5,305.34,5560662
2019-02-11 00:00:00-05:00,311.6,318.6,310.5,313.02,6697977
2019-02-12 00:00:00-05:00,316.2,318.19,309.62,311.99,5151145
2019-02-13 00:00:00-05:00,312.45,312.75,305.57,308.34,4918601
2019-02-14 00:00:00-05:00,303.38,306.77,301.0,303.98,4875188
2019-02-15 00:00:00-05:00,304.5,308.0,303.9,307.8181,3655601
2019-02-19 00:00:00-05:00,306.56,311.5442,305.59,305.59,3928167
2019-02-20 00:00:00-05:00,304.41,306.3,299.0,302.53,6413092
2019-02-21 00:00:00-05:00,301.81,303.2399,290.5,291.24,8521093
2019-02-22 00:00:00-05:00,294.49,296.5,292.1,294.69,5459428
2019-02-25 00:00:00-05:00,297.91,302.9044,297.0005,298.7,5893761
2019-02-26 00:00:00-05:00,292.22,302.01,288.7701,297.81,8096676
2019-02-27 00:00:00-05:00,301.42,316.295,300.55,314.795,10618216
2019-02-28 00:00:00-05:00,318.92,320.0,310.81,319.81,8869984
2019-03-01 00:00:00-05:00,306.88,307.13,291.9,294.66,21624319
2019-03-04 00:00:00-05:00,298.12,298.78,282.78,285.3,16306926
2019-03-05 00:00:00-05:00,282.0,284.0,270.1,276.64,17966785
2019-03-06 00:00:00-05:00,276.54,281.5058,274.39,276.23,10154076
2019-03-07 00:00:00-05:00,278.84,284.7,274.25,276.6,8865853
2019-03-08 00:00:00-05:00,276.91,285.59,275.89,284.13,8457763
2019-03-11 00:00:00-04:00,283.52,291.28,280.5,290.86,6980280
2019-03-12 00:00:00-04:00,286.49,288.07,281.06,283.37,7127257
2019-03-13 00:00:00-04:00,283.9,291.99,282.7,288.91,6554342
2019-03-14 00:00:00-04:00,292.45,295.39,288.29,289.96,6699809
2019-03-15 00:00:00-04:00,277.7671,280.19,274.4,275.5492,8870978
2019-03-18 00:00:00-04:00,275.94,278.05,267.3,269.52,9780738
2019-03-19 00:00:00-04:00,267.5,273.3,263.46,267.38,11314236
2019-03-20 00:00:00-04:00,269.69,274.97,266.3,273.5,6668734
2019-03-21 00:00:00-04:00,272.0,276.45,268.45,274.045,5664291
2019-03-22 00:00:00-04:00,272.58,272.8,264.0,264.64,8299079
2019-03-25 00:00:00-04:00,259.71,263.18,254.46,260.49,9687165
2019-03-26 00:00:00-04:00,264.44,270.26,264.43,267.7602,7062104
2019-03-27 00:00:00-04:00,268.75,275.36,268.1838,274.9,8402247
2019-03-28 00:00:00-04:00,277.16,280.33,275.1,278.58,6404454
2019-03-29 00:00:00-04:00,278.7,280.16,274.5,279.75,5650129
2019-04-01 00:00:00-04:00,282.62,289.2,281.281,289.18,3667993
2019-04-02 00:00:00-04:00,288.3,289.44,283.88,285.85,5150050
2019-04-03 00:00:00-04:00,287.32,296.17,287.17,291.76,7566626
2019-04-04 00:00:00-04:00,261.69,271.2,260.59,267.8,21128569
2019-04-05 00:00:00-04:00,269.86,276.1,266.11,274.96,12356211
2019-04-08 00:00:00-04:00,277.69,281.16,270.44,273.15,9847191
2019-04-09 00:00:00-04:00,271.65,275.0,269.61,272.4,5631504
2019-04-10 00:00:00-04:00,276.74,278.38,272.8925,276.05,6371614
2019-04-11 00:00:00-04:00,268.3,270.5,265.6,268.4498,8812029
2019-04-12 00:00:00-04:00,270.22,271.95,266.83,267.68,6514945
2019-04-15 00:00:00-04:00,268.63,268.88,258.63,266.38,9569374
2019-04-16 00:00:00-04:00,265.75,275.0,264.72,273.31,6865386
2019-04-17 00:00:00-04:00,274.75,274.79,268.535,271.219,4932059
2019-04-18 00:00:00-04:00,271.23,274.84,269.75,273.26,5644604
2019-04-22 00:00:00-04:00,269.0,269.68,262.48,262.8943,11419980
2019-04-23 00:00:00-04:00,260.15,265.6,255.75,263.98,10233659
2019-04-24 00:00:00-04:00,263.85,265.32,258.0,258.6906,8333946
2019-04-25 00:00:00-04:00,255.03,259.0,246.07,247.573,20585363
2019-04-26 00:00:00-04:00,246.5,246.68,231.13,235.04,21168499
2019-04-29 00:00:00-04:00,235.86,243.98,232.17,241.4375,15899607
2019-04-30 00:00:00-04:00,242.0,244.21,237.0,238.69,9026387
2019-05-01 00:00:00-04:00,239.0,240.0,231.5,234.01,10324457
2019-05-02 00:00:00-04:00,245.52,247.13,237.72,244.08,14881930
2019-05-03 00:00:00-04:00,243.86,256.61,243.49,255.04,21063497
2019-05-06 00:00:00-04:00,250.1,258.3499,248.5,255.335,9546203
2019-05-07 00:00:00-04:00,256.8,257.21,245.1,247.06,9542822
2019-05-08 00:00:00-04:00,246.94,250.599,244.2,244.76,5757805
2019-05-09 00:00:00-04:00,242.0,243.68,236.9434,241.98,6455536
2019-05-10 00:00:00-04:00,239.75,241.99,236.02,239.51,6716345
2019-05-13 00:00:00-04:00,232.01,232.47,224.5,227.01,10159046
2019-05-14 00:00:00-04:00,229.3,234.5,228.0,232.12,6820595
2019-05-15 00:00:00-04:00,229.32,232.44,225.25,231.92,6908252
2019-05-16 00:00:00-04:00,229.49,231.0,226.5,228.245,7023216
2019-05-17 00:00:00-04:00,221.96,222.24,208.92,211.0731,16740523
2019-05-20 00:00:00-04:00,202.8,206.0,195.25,205.34,19451274
2019-05-21 00:00:00-04:00,197.76,207.4,196.04,204.97,16693973
2019-05-22 00:00:00-04:00,199.1,203.94,191.78,192.69,17656779
2019-05-23 00:00:00-04:00,194.34,199.465,186.22,195.48,23374971
2019-05-24 00:00:00-04:00,199.83,199.98,188.7505,190.7257,13302938
2019-05-28 00:00:00-04:00,191.2,195.0,187.85,188.72,9777919
2019-05-29 00:00:00-04:00,187.1,192.39,185.0401,189.89,11256907
2019-05-30 00:00:00-04:00,188.75,192.255,187.02,188.18,7409500
2019-05-31 00:00:00-04:00,185.1,189.9204,184.1,185.48,9599948
2019-06-03 00:00:00-04:00,185.51,186.68,176.9919,179.01,12380263
2019-06-04 00:00:00-04:00,181.1,193.98,179.61,193.91,13115692
2019-06-05 00:00:00-04:00,198.47,201.2782,191.8486,196.677,12570739
2019-06-06 00:00:00-04:00,204.25,211.0,201.8,206.08,19472101
2019-06-07 00:00:00-04:00,205.0,210.8438,203.499,204.39,14897026
2019-06-10 00:00:00-04:00,210.47,216.94,209.01,212.88,9978622
2019-06-11 00:00:00-04:00,219.38,220.9,213.5,217.1,10591156
2019-06-12 00:00:00-04:00,222.95,223.38,209.0,209.2173,14335584
2019-06-13 00:00:00-04:00,210.38,214.9,207.5103,213.89,15620124
2019-06-14 00:00:00-04:00,211.29,216.65,210.4,214.92,14191322
2019-06-17 00:00:00-04:00,214.73,227.0,214.27,225.03,11895515
2019-06-18 00:00:00-04:00,228.72,234.74,222.58,224.74,12016691
2019-06-19 00:00:00-04:00,225.11,227.77,221.06,226.33,6207071
2019-06-20 00:00:00-04:00,223.0,226.9,216.35,219.59,11132022
2019-06-21 00:00:00-04:00,216.22,222.18,215.5,221.89,7632727
2019-06-24 00:00:00-04:00,223.24,225.86,221.02,223.64,5459384
2019-06-25 00:00:00-04:00,224.39,225.34,219.49,219.77,5882114
2019-06-26 00:00:00-04:00,220.31,227.23,218.1,219.18,8076589
2019-06-27 00:00:00-04:00,219.45,222.9,217.35,222.81,5927800
2019-06-28 00:00:00-04:00,221.68,225.17,221.31,223.46,5732666
2019-07-01 00:00:00-04:00,230.21,233.0995,226.29,227.16,7727451
2019-07-02 00:00:00-04:00,228.89,229.15,222.22,224.62,6739925
2019-07-03 00:00:00-04:00,239.39,241.57,234.51,234.9,13233097
2019-07-05 00:00:00-04:00,234.57,235.45,230.8,233.15,6653090
2019-07-08 00:00:00-04:00,231.24,232.25,228.66,230.38,5647103
2019-07-09 00:00:00-04:00,228.97,231.0,227.28,230.06,6001968
2019-07-10 00:00:00-04:00,234.15,238.94,233.14,238.92,8477126
2019-07-11 00:00:00-04:00,238.14,241.5,235.8,238.6,7262861
2019-07-12 00:00:00-04:00,239.75,245.38,239.71,245.06,8720374
2019-07-15 00:00:00-04:00,248.0,254.42,244.86,253.48,10516336
2019-07-16 00:00:00-04:00,249.3,253.53,247.9325,252.4,7718769
2019-07-17 00:00:00-04:00,255.6,258.31,253.35,254.83,9338786
2019-07-18 00:00:00-04:00,255.05,255.75,251.885,253.59,4502229
2019-07-19 00:00:00-04:00,255.69,259.96,254.62,258.0789,6785285
2019-07-22 00:00:00-04:00,258.75,262.155,254.1911,255.65,6489574
2019-07-23 00:00:00-04:00,256.71,260.48,254.5,260.1,4851377
2019-07-24 00:00:00-04:00,259.17,266.07,258.1601,265.0288,7366736
2019-07-25 00:00:00-04:00,233.5,234.5,225.5501,228.8102,20548751
2019-07-26 00:00:00-04:00,226.92,230.26,222.25,228.0,9703872
2019-07-29 00:00:00-04:00,227.09,235.94,226.0325,235.792,8922968
2019-07-30 00:00:00-04:00,232.9,243.36,232.18,242.26,7862017
2019-07-31 00:00:00-04:00,243.0,246.68,236.6501,241.62,8812185
2019-08-01 00:00:00-04:00,242.65,244.51,231.77,233.94,7976109
2019-08-02 00:00:00-04:00,231.35,236.27,229.23,234.2784,5014277
2019-08-05 00:00:00-04:00,229.6,231.3673,225.775,228.48,6526882
2019-08-06 00:00:00-04:00,231.88,232.5,225.75,230.63,5256223
2019-08-07 00:00:00-04:00,226.51,233.5688,225.8,233.47,4574805
2019-08-08 00:00:00-04:00,234.45,239.8,232.65,238.29,5027207
2019-08-09 00:00:00-04:00,236.0535,238.96,233.81,235.0,3678950
2019-08-12 00:00:00-04:00,232.99,235.77,228.75,229.02,4435506
2019-08-13 00:00:00-04:00,228.81,236.0,227.55,234.97,4659970
2019-08-14 00:00:00-04:00,231.21,231.5,216.69,219.59,8733756
2019-08-15 00:00:00-04:00,220.86,221.56,211.55,215.52,7836075
2019-08-16 00:00:00-04:00,216.75,222.24,216.02,219.92,4820433
2019-08-19 00:00:00-04:00,224.21,227.83,221.7,226.81,5067001
2019-08-20 00:00:00-04:00,227.62,229.09,224.54,225.65,3763018
2019-08-21 00:00:00-04:00,222.01,223.22,217.6,220.79,7342403
2019-08-22 00:00:00-04:00,222.8,225.4,218.22,222.05,5473992
2019-08-23 00:00:00-04:00,219.97,221.17,211.0,211.39,8015679
2019-08-26 00:00:00-04:00,213.6,215.02,211.54,214.98,4696205
2019-08-27 00:00:00-04:00,215.74,218.8,212.03,214.16,4999917
2019-08-28 00:00:00-04:00,213.69,217.25,212.31,215.59,3093685
2019-08-29 00:00:00-04:00,218.95,223.4,218.0,221.7,4868685
2019-08-30 00:00:00-04:00,229.15,232.44,224.213,225.6,8258412
2019-09-03 00:00:00-04:00,224.08,228.95,223.16,225.11,5080361
2019-09-04 00:00:00-04:00,226.89,228.46,219.205,220.71,5480727
2019-09-05 00:00:00-04:00,222.5,229.8,220.85,229.48,7033497
2019-09-06 00:00:00-04:00,227.85,229.64,225.17,227.49,4102982
2019-09-09 00:00:00-04:00,229.97,233.76,229.23,231.78,4609862
2019-09-10 00:00:00-04:00,230.8,235.54,228.94,235.54,4654579
2019-09-11 00:00:00-04:00,237.38,248.1741,236.0,247.23,9601813
2019-09-12 00:00:00-04:00,247.7,253.5,244.4,245.86,8043768
2019-09-13 00:00:00-04:00,246.96,248.45,244.865,245.27,5075640
2019-09-16 00:00:00-04:00,246.0,247.43,241.17,242.7,4459981
2019-09-17 00:00:00-04:00,242.47,245.6,240.37,244.79,3690146
2019-09-18 00:00:00-04:00,245.0,248.1685,242.37,243.43,3992199
2019-09-19 00:00:00-04:00,246.0,247.94,244.84,246.58,4454220
2019-09-20 00:00:00-04:00,246.49,246.946,238.16,240.59,5996334
2019-09-23 00:00:00-04:00,240.0,245.1794,239.22,241.25,4157878
2019-09-24 00:00:00-04:00,241.52,241.99,222.61,223.2817,12393973
2019-09-25 00:00:00-04:00,224.56,228.98,218.36,228.7,8944825
2019-09-26 00:00:00-04:00,230.66,243.31,227.4,242.52,11445264
2019-09-27 00:00:00-04:00,242.0,248.71,238.73,242.13,10663930
2019-09-30 00:00:00-04:00,243.0,243.98,236.1111,240.84,5556374
2019-10-01 00:00:00-04:00,241.5,245.95,239.13,244.69,5903470
2019-10-02 00:00:00-04:00,243.03,244.65,239.43,243.24,5099506
2019-10-03 00:00:00-04:00,231.86,234.32,224.28,232.92,13775674
2019-10-04 00:00:00-04:00,231.61,234.77,228.07,231.4159,15272408
2019-10-07 00:00:00-04:00,229.8,238.56,228.55,237.72,15351711
2019-10-08 00:00:00-04:00,235.87,243.94,234.5,240.0,16599013
2019-10-09 00:00:00-04:00,241.52,247.295,240.65,244.53,13116148
2019-10-10 00:00:00-04:00,245.28,249.28,241.58,244.74,12090722
2019-10-11 00:00:00-04:00,247.15,251.08,246.81,247.77,15990158
2019-10-14 00:00:00-04:00,247.9,258.55,247.13,256.92,19430374
2019-10-15 00:00:00-04:00,257.7,260.0,254.12,257.86,12362512
2019-10-16 00:00:00-04:00,257.39,262.1,256.92,259.6902,12800343
2019-10-17 00:00:00-04:00,262.5,264.78,260.17,261.98,9112414
2019-10-18 00:00:00-04:00,260.7,262.8,255.1,256.9899,11065826
2019-10-21 00:00:00-04:00,258.2,259.5,250.18,253.43,4429730
2019-10-22 00:00:00-04:00,254.32,258.33,250.85,255.52,4386182
2019-10-23 00:00:00-04:00,254.5,256.14,251.35,254.889,5005641
2019-10-24 00:00:00-04:00,298.37,304.0,289.2,299.62,26049521
2019-10-25 00:00:00-04:00,297.72,330.0,296.11,328.19,28673217
2019-10-28 00:00:00-04:00,327.54,340.84,322.6,327.51,18510525
2019-10-29 00:00:00-04:00,319.99,324.3,314.75,316.2,12356755
2019-10-30 00:00:00-04:00,313.0,318.79,309.97,314.86,9042272
2019-10-31 00:00:00-04:00,313.1,319.0,313.0,315.09,4954986
2019-11-01 00:00:00-04:00,316.32,316.48,309.8,313.21,6118298
2019-11-04 00:00:00-05:00,314.8,321.94,309.26,317.425,8579754
2019-11-05 00:00:00-05:00,319.62,323.51,316.118,317.16,6308975
2019-11-06 00:00:00-05:00,318.0,326.72,314.5,326.7,7748529
2019-11-07 00:00:00-05:00,329.14,341.5,328.02,335.39,14148570
2019-11-08 00:00:00-05:00,334.5,337.46,332.5,337.12,5966814
2019-11-11 00:00:00-05:00,343.8,349.19,342.0,345.1,9715763
2019-11-12 00:00:00-05:00,346.94,350.37,344.04,349.95,7177557
2019-11-13 00:00:00-05:00,355.0,356.33,345.18,345.99,8029488
2019-11-14 00:00:00-05:00,346.11,353.84,342.91,349.36,5966623
2019-11-15 00:00:00-05:00,350.64,352.8,348.36,352.24,4591478
2019-11-18 00:00:00-05:00,352.9165,353.15,346.1,349.98,4287780
2019-11-19 00:00:00-05:00,351.75,359.99,347.8,359.52,7442184
2019-11-20 00:00:00-05:00,360.0,361.2,349.57,352.4,6143861
2019-11-21 00:00:00-05:00,354.51,360.84,354.0039,354.9697,5644325
2019-11-22 00:00:00-05:00,340.16,341.0,330.0,332.99,16189232
2019-11-25 00:00:00-05:00,344.47,344.57,334.46,336.3009,11454970
2019-11-26 00:00:00-05:00,335.27,335.5,327.1,328.93,7428918
2019-11-27 00:00:00-05:00,331.12,333.93,328.57,331.05,5331554
2019-11-29 00:00:00-05:00,331.11,331.26,327.5,330.04,2279549
2019-12-02 00:00:00-05:00,329.4,336.3827,328.687,334.86,5922892
2019-12-03 00:00:00-05:00,332.62,337.91,332.186,336.08,6380944
2019-12-04 00:00:00-05:00,337.75,337.86,332.85,332.99,5249592
2019-12-05 00:00:00-05:00,333.0,334.4227,327.25,330.34,3453427
2019-12-06 00:00:00-05:00,335.0,338.86,334.77,335.85,7446599
2019-12-09 00:00:00-05:00,336.59,344.45,335.08,339.4,8270305
2019-12-10 00:00:00-05:00,339.96,350.73,339.31,348.83,8530007
2019-12-11 00:00:00-05:00,351.8765,357.1899,351.09,352.5,6649961
2019-12-12 00:00:00-05:00,354.92,362.74,353.23,359.67,7650921
2019-12-13 00:00:00-05:00,361.05,365.21,354.64,358.37,6236035
2019-12-16 00:00:00-05:00,362.55,383.61,362.5,381.51,17336420
2019-12-17 00:00:00-05:00,378.77,385.5,375.9,378.9101,8043941
2019-12-18 00:00:00-05:00,380.73,395.22,380.58,393.1,13233307
2019-12-19 00:00:00-05:00,397.09,406.85,396.5,404.02,17366642
2019-12-20 00:00:00-05:00,410.29,413.0,400.185,405.55,13344703
2019-12-23 00:00:00-05:00,411.78,422.01,410.0,419.18,12734119
2019-12-24 00:00:00-05:00,418.84,425.47,412.6875,425.18,7833308
2019-12-26 00:00:00-05:00,427.91,433.48,426.35,430.8202,10131052
2019-12-27 00:00:00-05:00,435.25,435.31,426.11,430.23,9209880
2019-12-30 00:00:00-05:00,428.81,429.0,409.2589,414.62,12082466
2019-12-31 00:00:00-05:00,405.0003,421.29,402.08,418.17,9761539
2020-01-02 00:00:00-05:00,424.95,430.6957,421.71,430.24,9113793
2020-01-03 00:00:00-05:00,440.5,454.0,436.92,442.75,16409329
2020-01-06 00:00:00-05:00,440.47,451.56,440.0,451.4001,9807049
2020-01-07 00:00:00-05:00,461.4,471.63,453.355,469.17,16859537
2020-01-08 00:00:00-05:00,473.7,498.49,468.23,492.09,29804104
2020-01-09 00:00:00-05:00,497.1,498.8,472.87,481.49,26901507
2020-01-10 00:00:00-05:00,481.79,484.94,473.7,477.96,12365563
2020-01-13 00:00:00-05:00,493.5,525.63,492.0,524.85,25531104
2020-01-14 00:00:00-05:00,544.255,547.41,524.9,538.0,27042937
2020-01-15 00:00:00-05:00,529.76,537.84,516.7853,518.505,16462639
2020-01-16 00:00:00-05:00,494.08,514.46,492.17,513.49,20068904
2020-01-17 00:00:00-05:00,507.61,515.6699,503.16,510.19,12517514
2020-01-21 00:00:00-05:00,530.23,548.58,528.41,547.3007,33002168
2020-01-22 00:00:00-05:00,571.51,594.5,559.1,569.43,59686356
2020-01-23 00:00:00-05:00,564.08,582.0,555.6027,571.9422,37423500
2020-01-24 00:00:00-05:00,570.63,573.86,554.26,564.96,27306834
2020-01-27 00:00:00-05:00,541.99,564.44,539.28,557.54,12311739
2020-01-28 00:00:00-05:00,568.44,576.81,558.08,566.82,11093082
2020-01-29 00:00:00-05:00,575.69,589.7999,567.43,581.0,13250284
2020-01-30 00:00:00-05:00,632.42,650.88,618.0,640.93,26845261
2020-01-31 00:00:00-05:00,638.68,653.0,632.52,650.48,15067058
2020-02-03 00:00:00-05:00,673.69,786.14,673.52,780.28,45229406
2020-02-04 00:00:00-05:00,882.96,968.9899,833.88,887.72,53837004
2020-02-05 00:00:00-05:00,822.8,845.98,704.1106,734.72,44703541
2020-02-06 00:00:00-05:00,699.92,795.83,687.0,748.5,38382071
2020-02-07 00:00:00-05:00,731.0,769.75,730.0,747.9808,16311618
2020-02-10 00:00:00-05:00,800.41,819.99,752.4,770.8467,23238209
2020-02-11 00:00:00-05:00,768.5,783.5061,758.0,774.02,11177954
2020-02-12 00:00:00-05:00,778.0,789.75,763.37,767.44,11193209
2020-02-13 00:00:00-05:00,741.84,818.0,735.0,803.86,24953651
2020-02-14 00:00:00-05:00,787.22,812.97,785.5,799.9724,14271351
2020-02-18 00:00:00-05:00,841.6,860.0,832.36,858.66,14593786
2020-02-19 00:00:00-05:00,923.5,944.78,901.02,916.96,23657004
2020-02-20 00:00:00-05:00,911.81,912.0,859.94,899.18,16797173
2020-02-21 00:00:00-05:00,906.74,913.06,880.45,901.0,13379998
2020-02-24 00:00:00-05:00,839.0,863.5,822.2,833.16,14109712
2020-02-25 00:00:00-05:00,849.18,856.6,787.0,799.11,16703593
2020-02-26 00:00:00-05:00,783.0,813.31,776.11,778.8,13266973
2020-02-27 00:00:00-05:00,730.0,739.77,669.0,678.85,22838989
2020-02-28 00:00:00-05:00,629.7,690.52,611.52,667.43,23087454
2020-03-02 00:00:00-05:00,711.26,743.69,686.67,743.69,18641901
2020-03-03 00:00:00-05:00,805.5,806.98,716.1106,745.51,23727404
2020-03-04 00:00:00-05:00,763.9603,766.52,724.7345,749.5,13975877
2020-03-05 00:00:00-05:00,723.5,745.75,718.07,723.62,10164674
2020-03-06 00:00:00-05:00,693.0,707.0,684.27,703.39,23777510
2020-03-09 00:00:00-04:00,605.39,662.998,605.0,606.46,15637810
2020-03-10 00:00:00-04:00,659.43,668.0,608.0,645.0,14714548
2020-03-11 00:00:00-04:00,640.2,653.58,613.0,633.905,12845088
2020-03-12 00:00:00-04:00,580.0,594.5,546.25,556.01,17650406
2020-03-13 00:00:00-04:00,595.0,607.57,502.0,546.2,21281778
2020-03-16 00:00:00-04:00,469.4997,494.8699,442.17,444.9801,38445545
2020-03-17 00:00:00-04:00,440.01,471.85,396.0,430.0,23150951
2020-03-18 00:00:00-04:00,389.0,404.86,350.51,361.6,39969144
2020-03-19 00:00:00-04:00,374.6965,452.0,358.46,427.295,28716890
2020-03-20 00:00:00-04:00,438.2,477.0,425.79,427.53,27182628
2020-03-23 00:00:00-04:00,433.55,441.9999,410.5,434.29,15611610
2020-03-24 00:00:00-04:00,476.3,513.69,474.0,504.3,21685259
2020-03-25 00:00:00-04:00,545.25,557.0,511.11,539.175,19706795
2020-03-26 00:00:00-04:00,547.39,560.0,512.25,528.05,16688863
2020-03-27 00:00:00-04:00,505.0,525.8,494.03,514.56,13608376
2020-03-30 00:00:00-04:00,510.26,516.6471,491.23,502.1,11162231
2020-03-31 00:00:00-04:00,501.25,542.96,497.0,524.48,16421035
2020-04-01 00:00:00-04:00,504.0,513.9548,475.1,481.58,12570750
2020-04-02 00:00:00-04:00,481.03,494.2599,446.4,454.47,15413671
2020-04-03 00:00:00-04:00,509.5,515.49,468.3901,480.0,21274333
2020-04-06 00:00:00-04:00,511.16,521.0,497.96,516.24,27631958
2020-04-07 00:00:00-04:00,545.0,565.0,532.34,545.47,17334969
2020-04-08 00:00:00-04:00,554.2,557.2081,533.33,548.7,24384936
2020-04-09 00:00:00-04:00,562.09,575.1818,557.11,573.01,12745268
2020-04-13 00:00:00-04:00,591.0,652.0,580.53,650.9899,21175579
2020-04-14 00:00:00-04:00,698.97,741.88,692.43,709.755,57451900
2020-04-15 00:00:00-04:00,742.0,753.13,710.0,729.5254,43359242
2020-04-16 00:00:00-04:00,716.94,759.45,706.715,745.6545,57474573
2020-04-17 00:00:00-04:00,772.28,774.95,747.66,753.65,24322747
2020-04-20 00:00:00-04:00,732.7,765.57,712.21,746.35,28421310
2020-04-21 00:00:00-04:00,730.12,753.33,673.79,686.72,58529442
2020-04-22 00:00:00-04:00,703.98,733.89,688.71,732.15,38252230
2020-04-23 00:00:00-04:00,727.6,734.0,703.13,705.63,38120713
2020-04-24 00:00:00-04:00,710.81,730.73,698.18,725.0,25102459
2020-04-27 00:00:00-04:00,737.61,799.49,735.0,798.92,58450139
2020-04-28 00:00:00-04:00,795.64,805.0,756.69,769.11,14526538
2020-04-29 00:00:00-04:00,790.17,803.1999,783.16,799.84,12096180
2020-04-30 00:00:00-04:00,855.19,869.82,763.5,781.06,53718332
2020-05-01 00:00:00-04:00,755.0,772.77,683.04,701.31,31742479
2020-05-04 00:00:00-04:00,701.0,762.0,698.0,761.21,36511504
2020-05-05 00:00:00-04:00,789.79,798.92,762.18,768.06,16328797
2020-05-06 00:00:00-04:00,776.5,789.8,761.11,782.45,21416699
2020-05-07 00:00:00-04:00,777.21,796.4,772.35,780.215,11124597
2020-05-08 00:00:00-04:00,793.77,824.0,787.01,819.25,31166079
2020-05-11 00:00:00-04:00,790.51,824.0,785.0,810.48,31241342
2020-05-12 00:00:00-04:00,827.0,843.29,808.0,809.21,15080918
2020-05-13 00:00:00-04:00,820.83,826.0,763.3,790.62,18430885
2020-05-14 00:00:00-04:00,780.0,803.36,764.0,803.04,13077331
2020-05-15 00:00:00-04:00,790.35,805.0486,786.552,799.034,20204818
2020-05-18 00:00:00-04:00,827.78,834.7201,803.88,813.51,10969747
2020-05-19 00:00:00-04:00,815.17,822.07,806.08,808.0,9331427
2020-05-20 00:00:00-04:00,820.5,826.0,811.8,815.46,13799592
2020-05-21 00:00:00-04:00,816.0,832.5,796.0,827.75,23543511
2020-05-22 00:00:00-04:00,822.1735,831.78,812.0,816.4,19439642
2020-05-26 00:00:00-04:00,834.5,834.6,815.705,818.74,7532731
2020-05-27 00:00:00-04:00,820.86,827.71,785.0,819.955,11092116
2020-05-28 00:00:00-04:00,813.51,824.75,801.69,805.975,7013890
2020-05-29 00:00:00-04:00,808.75,835.0,804.21,834.1905,10523947
2020-06-01 00:00:00-04:00,858.0,899.0,854.1,897.875,13962296
2020-06-02 00:00:00-04:00,894.7,908.66,871.0,881.4,13049927
2020-06-03 00:00:00-04:00,888.12,897.94,880.1,882.51,15342518
2020-06-04 00:00:00-04:00,889.88,895.75,858.44,864.27,8667226
2020-06-05 00:00:00-04:00,877.84,886.52,866.2,885.335,7366347
2020-06-08 00:00:00-04:00,919.0,950.0,909.16,948.45,26318875
2020-06-09 00:00:00-04:00,940.01,954.4399,923.931,941.5524,21496458
2020-06-10 00:00:00-04:00,991.88,1027.48,982.5,1024.974,17023324
2020-06-11 00:00:00-04:00,990.2,1018.9599,972.11,972.41,29440376
2020-06-12 00:00:00-04:00,980.0,987.98,936.25,936.25,5885153
2020-06-15 00:00:00-04:00,917.79,998.84,908.5,990.75,14933856
2020-06-16 00:00:00-04:00,1011.85,1012.88,962.39,981.51,26814330
2020-06-17 00:00:00-04:00,987.71,1005.0,982.571,990.56,9026154
2020-06-18 00:00:00-04:00,1003.0,1019.2,994.4708,1004.02,18626163
2020-06-19 00:00:00-04:00,1012.78,1015.9699,991.34,1000.57,7941809
2020-06-22 00:00:00-04:00,999.95,1008.88,990.02,994.54,6108565
2020-06-23 00:00:00-04:00,998.88,1012.0,994.0101,1001.66,6015204
2020-06-24 00:00:00-04:00,994.11,1000.8846,953.1414,960.85,10724665
2020-06-25 00:00:00-04:00,954.27,985.98,937.15,985.98,8834648
2020-06-26 00:00:00-04:00,994.78,995.0,954.87,960.76,7736337
2020-06-29 00:00:00-04:00,969.01,1010.0,948.5201,1009.89,8732336
2020-06-30 00:00:00-04:00,1006.5,1087.69,1003.73,1079.0,16212153
2020-07-01 00:00:00-04:00,1083.0,1135.33,1080.5,1119.54,12887738
2020-07-02 00:00:00-04:00,1221.48,1228.0,1185.6,1208.8,15501212
2020-07-06 00:00:00-04:00,1276.69,1377.79,1266.044,1371.0,18885360
2020-07-07 00:00:00-04:00,1405.01,1429.5,1336.71,1389.69,20456393
2020-07-08 00:00:00-04:00,1405.0,1417.26,1311.34,1365.8054,15747236
2020-07-09 00:00:00-04:00,1396.99,1408.56,1351.28,1393.81,11159292
2020-07-10 00:00:00-04:00,1396.0,1548.915,1376.0101,1546.01,22730537
2020-07-13 00:00:00-04:00,1659.0,1794.99,1471.1101,1494.1,37309610
2020-07-14 00:00:00-04:00,1556.0,1590.0,1431.0,1516.385,21744713
2020-07-15 00:00:00-04:00,1543.0,1550.0,1457.0,1546.875,15414147
2020-07-16 00:00:00-04:00,1477.16,1531.71,1466.0,1498.7701,13387034
2020-07-17 00:00:00-04:00,1513.45,1537.51,1490.0,1500.45,8970942
2020-07-20 00:00:00-04:00,1519.01,1650.0,1488.0,1642.47,16357003
2020-07-21 00:00:00-04:00,1639.93,1675.0,1558.0,1567.58,15315602
2020-07-22 00:00:00-04:00,1599.0,1626.42,1562.0,1590.58,11174728
2020-07-23 00:00:00-04:00,1678.95,1689.0,1502.64,1513.68,17448163
2020-07-24 00:00:00-04:00,1416.01,1465.0,1366.54,1415.56,18634529
2020-07-27 00:00:00-04:00,1435.0,1547.94,1413.0002,1539.91,15007344
2020-07-28 00:00:00-04:00,1504.0,1564.7,1474.42,1475.35,15010091
2020-07-29 00:00:00-04:00,1501.0,1534.81,1487.0,1499.99,9158146
2020-07-30 00:00:00-04:00,1488.0,1513.24,1471.0,1487.42,7337598
2020-07-31 00:00:00-04:00,1515.0,1517.05,1420.98,1432.0,11885250
2020-08-03 00:00:00-04:00,1449.2,1509.81,1444.3844,1484.98,6757657
2020-08-04 00:00:00-04:00,1495.01,1527.41,1462.0,1486.25,8233969
2020-08-05 00:00:00-04:00,1492.99,1499.8384,1468.31,1485.18,4824461
2020-08-06 00:00:00-04:00,1490.83,1517.31,1477.26,1489.69,5817775
2020-08-07 00:00:00-04:00,1499.5365,1499.75,1415.01,1453.1,8707648
2020-08-10 00:00:00-04:00,1427.54,1439.99,1385.84,1419.0,6238730
2020-08-11 00:00:00-04:00,1396.0,1420.0,1365.0,1374.0,7081523
2020-08-12 00:00:00-04:00,1470.0,1585.0,1435.0,1554.423,21016580
2020-08-13 00:00:00-04:00,1611.0,1651.18,1567.26,1620.71,19063440
2020-08-14 00:00:00-04:00,1664.99,1668.8,1626.64,1651.5,11738513
2020-08-17 00:00:00-04:00,1677.0,1845.86,1672.83,1835.86,19482112
2020-08-18 00:00:00-04:00,1898.99,1923.9,1845.11,1888.11,15300121
2020-08-19 00:00:00-04:00,1865.0,1911.0,1841.21,1879.0,11776286
2020-08-20 00:00:00-04:00,1860.68,2021.99,1857.06,2001.3,20432043
2020-08-21 00:00:00-04:00,2044.76,2095.49,2025.05,2050.0,20572968
2020-08-24 00:00:00-04:00,2126.275,2129.0,1927.52,2015.695,19295383
2020-08-25 00:00:00-04:00,1974.89,2027.95,1968.0,2024.09,10051608
2020-08-26 00:00:00-04:00,2060.0,2166.0,2053.6292,2151.93,13768358
2020-08-27 00:00:00-04:00,2180.46,2295.6,2142.5,2239.76,23059123
2020-08-28 00:00:00-04:00,2295.12,2318.49,2186.52,2213.52,19360294
2020-08-31 00:00:00-04:00,444.61,500.14,440.11,498.51,111197923
2020-09-01 00:00:00-04:00,502.14,502.49,470.51,475.04,81257715
2020-09-02 00:00:00-04:00,478.99,479.04,405.1206,447.245,92367647
2020-09-03 00:00:00-04:00,407.23,431.8,402.0,407.0,80478522
2020-09-04 00:00:00-04:00,402.81,428.0,372.0201,417.9307,101060529
2020-09-08 00:00:00-04:00,356.0,368.74,329.88,330.02,103446741
2020-09-09 00:00:00-04:00,356.6,369.0,341.51,366.21,73161075
2020-09-10 00:00:00-04:00,387.72,398.99,360.56,370.5,67341190
2020-09-11 00:00:00-04:00,381.94,382.5,360.5,372.4101,58016059
2020-09-14 00:00:00-04:00,380.95,420.0,373.3,419.765,79130201
2020-09-15 00:00:00-04:00,436.56,461.94,430.7,449.38,93230923
2020-09-16 00:00:00-04:00,439.87,457.79,435.31,441.76,68279651
2020-09-17 00:00:00-04:00,415.6,437.79,408.0001,423.43,72114062
2020-09-18 00:00:00-04:00,447.94,451.0,428.8,440.9701,79958470
2020-09-21 00:00:00-04:00,453.13,455.68,407.07,449.41,100472833
2020-09-22 00:00:00-04:00,429.6,437.76,417.6001,423.974,66208306
2020-09-23 00:00:00-04:00,405.16,412.15,375.8801,380.3885,88358954
2020-09-24 00:00:00-04:00,363.8,399.5,351.3,387.63,93527446
2020-09-25 00:00:00-04:00,393.47,408.7323,391.3,407.18,64600754
2020-09-28 00:00:00-04:00,424.62,428.08,415.55,421.0602,46468845
2020-09-29 00:00:00-04:00,416.0,428.5,411.6,418.99,47939292
2020-09-30 00:00:00-04:00,421.32,433.93,420.47,428.97,45355318
2020-10-01 00:00:00-04:00,440.76,448.88,434.42,447.81,46917693
2020-10-02 00:00:00-04:00,421.39,439.13,415.0,415.2699,64001779
2020-10-05 00:00:00-04:00,423.35,433.64,419.33,425.5,42071439
2020-10-06 00:00:00-04:00,423.79,428.7799,406.05,413.7001,46076914
2020-10-07 00:00:00-04:00,419.87,429.9,413.845,425.19,40832057
2020-10-08 00:00:00-04:00,438.44,439.0,425.3,425.92,38297823
2020-10-09 00:00:00-04:00,430.13,434.5899,426.4601,433.96,27687361
2020-10-12 00:00:00-04:00,442.0,448.74,438.58,442.0,36564876
2020-10-13 00:00:00-04:00,443.5,448.89,436.6,446.65,32501386
2020-10-14 00:00:00-04:00,449.78,465.9,447.35,461.47,45481608
2020-10-15 00:00:00-04:00,450.3,456.57,442.5,448.88,33286568
2020-10-16 00:00:00-04:00,454.48,455.9499,438.85,439.91,30604148
2020-10-19 00:00:00-04:00,446.24,447.0,428.87,430.83,30760868
2020-10-20 00:00:00-04:00,431.75,431.75,419.0501,421.97,29334383
2020-10-21 00:00:00-04:00,422.7,432.95,421.25,422.5,22771969
2020-10-22 00:00:00-04:00,442.07,445.23,424.51,425.9,36750565
2020-10-23 00:00:00-04:00,421.84,422.8859,407.3801,420.615,31969114
2020-10-26 00:00:00-04:00,411.63,425.76,410.0,420.28,26973706
2020-10-27 00:00:00-04:00,423.76,430.5,420.1,424.471,21007688
2020-10-28 00:00:00-04:00,416.48,418.6,406.0,406.0,23252693
2020-10-29 00:00:00-04:00,409.96,418.06,406.46,410.64,20826471
2020-10-30 00:00:00-04:00,406.8954,407.5915,379.11,388.04,40305209
2020-11-02 00:00:00-05:00,394.0,406.9799,392.3,400.51,26759798
2020-11-03 00:00:00-05:00,409.73,427.77,406.69,423.74,32428696
2020-11-04 00:00:00-05:00,430.62,435.4,417.1,420.91,29547113
2020-11-05 00:00:00-05:00,428.3,440.0,424.0001,438.09,26009397
2020-11-06 00:00:00-05:00,436.1,436.57,424.28,429.92,20292375
2020-11-09 00:00:00-05:00,439.5,452.5,421.0,421.39,31208837
